<?xml version='1.0' encoding='UTF-8' standalone='yes' ?>
<hierarchy rotation="0">
  <node index="0" text="" resource-id="" class="android.widget.FrameLayout" package="bestfreelivewallpapers.love_photo_frames_hd" content-desc="" checkable="false" checked="false" clickable="false" enabled="true" focusable="false" focused="false" scrollable="false" long-clickable="false" password="false" selected="false" bounds="[0,0][800,1216]">
    <node index="0" text="" resource-id="" class="android.widget.LinearLayout" package="bestfreelivewallpapers.love_photo_frames_hd" content-desc="" checkable="false" checked="false" clickable="false" enabled="true" focusable="false" focused="false" scrollable="false" long-clickable="false" password="false" selected="false" bounds="[0,0][800,1216]">
      <node index="0" text="" resource-id="" class="android.widget.FrameLayout" package="bestfreelivewallpapers.love_photo_frames_hd" content-desc="" checkable="false" checked="false" clickable="false" enabled="true" focusable="false" focused="false" scrollable="false" long-clickable="false" password="false" selected="false" bounds="[0,33][800,1216]">
        <node index="0" text="" resource-id="bestfreelivewallpapers.love_photo_frames_hd:id/action_bar_root" class="android.widget.LinearLayout" package="bestfreelivewallpapers.love_photo_frames_hd" content-desc="" checkable="false" checked="false" clickable="false" enabled="true" focusable="false" focused="false" scrollable="false" long-clickable="false" password="false" selected="false" bounds="[0,33][800,1216]">
          <node index="0" text="" resource-id="android:id/content" class="android.widget.FrameLayout" package="bestfreelivewallpapers.love_photo_frames_hd" content-desc="" checkable="false" checked="false" clickable="false" enabled="true" focusable="false" focused="false" scrollable="false" long-clickable="false" password="false" selected="false" bounds="[0,33][800,1216]">
            <node index="0" text="" resource-id="bestfreelivewallpapers.love_photo_frames_hd:id/drawer_layout" class="android.support.v4.widget.DrawerLayout" package="bestfreelivewallpapers.love_photo_frames_hd" content-desc="" checkable="false" checked="false" clickable="false" enabled="true" focusable="false" focused="false" scrollable="false" long-clickable="false" password="false" selected="false" bounds="[0,33][800,1216]">
              <node index="0" text="" resource-id="" class="android.widget.LinearLayout" package="bestfreelivewallpapers.love_photo_frames_hd" content-desc="" checkable="false" checked="false" clickable="false" enabled="true" focusable="false" focused="false" scrollable="false" long-clickable="false" password="false" selected="false" bounds="[0,33][800,1216]">
                <node index="0" text="" resource-id="bestfreelivewallpapers.love_photo_frames_hd:id/container_toolbar" class="android.widget.LinearLayout" package="bestfreelivewallpapers.love_photo_frames_hd" content-desc="" checkable="false" checked="false" clickable="false" enabled="true" focusable="false" focused="false" scrollable="false" long-clickable="false" password="false" selected="false" bounds="[0,33][800,118]">
                  <node index="0" text="" resource-id="bestfreelivewallpapers.love_photo_frames_hd:id/toolbar" class="android.view.View" package="bestfreelivewallpapers.love_photo_frames_hd" content-desc="" checkable="false" checked="false" clickable="false" enabled="true" focusable="false" focused="false" scrollable="false" long-clickable="false" password="false" selected="false" bounds="[0,33][800,118]">
                    <node index="0" text="" resource-id="" class="android.widget.ImageButton" package="bestfreelivewallpapers.love_photo_frames_hd" content-desc="Open" checkable="false" checked="false" clickable="true" enabled="true" focusable="true" focused="false" scrollable="false" long-clickable="false" password="false" selected="false" bounds="[11,33][86,118]" />
                    <node index="1" text="Love Photo Frames HD" resource-id="" class="android.widget.TextView" package="bestfreelivewallpapers.love_photo_frames_hd" content-desc="" checkable="false" checked="false" clickable="false" enabled="true" focusable="false" focused="false" scrollable="false" long-clickable="false" password="false" selected="false" bounds="[106,57][385,94]" />
                    <node index="2" text="" resource-id="" class="android.support.v7.widget.al" package="bestfreelivewallpapers.love_photo_frames_hd" content-desc="" checkable="false" checked="false" clickable="false" enabled="true" focusable="false" focused="false" scrollable="false" long-clickable="false" password="false" selected="false" bounds="[660,33][789,118]">
                      <node index="0" text="" resource-id="bestfreelivewallpapers.love_photo_frames_hd:id/rate_app" class="android.widget.TextView" package="bestfreelivewallpapers.love_photo_frames_hd" content-desc="Rate" checkable="false" checked="false" clickable="true" enabled="true" focusable="true" focused="false" scrollable="false" long-clickable="true" password="false" selected="false" bounds="[660,43][724,107]" />
                      <node index="1" text="" resource-id="bestfreelivewallpapers.love_photo_frames_hd:id/share_app" class="android.widget.TextView" package="bestfreelivewallpapers.love_photo_frames_hd" content-desc="Share" checkable="false" checked="false" clickable="true" enabled="true" focusable="true" focused="false" scrollable="false" long-clickable="true" password="false" selected="false" bounds="[724,43][789,107]" />
                    </node>
                  </node>
                </node>
                <node index="1" text="" resource-id="bestfreelivewallpapers.love_photo_frames_hd:id/container_body" class="android.widget.FrameLayout" package="bestfreelivewallpapers.love_photo_frames_hd" content-desc="" checkable="false" checked="false" clickable="false" enabled="true" focusable="false" focused="false" scrollable="false" long-clickable="false" password="false" selected="false" bounds="[0,118][800,1216]">
                  <node index="0" text="" resource-id="" class="android.widget.RelativeLayout" package="bestfreelivewallpapers.love_photo_frames_hd" content-desc="" checkable="false" checked="false" clickable="false" enabled="true" focusable="false" focused="false" scrollable="false" long-clickable="false" password="false" selected="false" bounds="[0,118][800,1216]">
                    <node index="0" text="" resource-id="bestfreelivewallpapers.love_photo_frames_hd:id/add_lay" class="android.widget.LinearLayout" package="bestfreelivewallpapers.love_photo_frames_hd" content-desc="" checkable="false" checked="false" clickable="false" enabled="true" focusable="false" focused="false" scrollable="false" long-clickable="false" password="false" selected="false" bounds="[0,118][800,237]">
                      <node index="0" text="" resource-id="bestfreelivewallpapers.love_photo_frames_hd:id/adView" class="android.view.View" package="bestfreelivewallpapers.love_photo_frames_hd" content-desc="" checkable="false" checked="false" clickable="false" enabled="true" focusable="false" focused="false" scrollable="false" long-clickable="false" password="false" selected="false" bounds="[0,118][800,237]">
                        <node index="0" text="" resource-id="" class="android.widget.ViewSwitcher" package="bestfreelivewallpapers.love_photo_frames_hd" content-desc="" checkable="false" checked="false" clickable="false" enabled="true" focusable="false" focused="false" scrollable="false" long-clickable="false" password="false" selected="false" bounds="[0,118][800,237]">
                          <node index="0" text="" resource-id="" class="android.widget.FrameLayout" package="bestfreelivewallpapers.love_photo_frames_hd" content-desc="" checkable="false" checked="false" clickable="false" enabled="true" focusable="false" focused="false" scrollable="false" long-clickable="false" password="false" selected="false" bounds="[0,118][800,237]">
                            <node index="0" text="" resource-id="" class="android.webkit.WebView" package="bestfreelivewallpapers.love_photo_frames_hd" content-desc="Web View" checkable="false" checked="false" clickable="true" enabled="true" focusable="true" focused="true" scrollable="false" long-clickable="false" password="false" selected="false" bounds="[0,118][800,237]" />
                          </node>
                        </node>
                      </node>
                    </node>
                    <node index="1" text="" resource-id="" class="android.widget.LinearLayout" package="bestfreelivewallpapers.love_photo_frames_hd" content-desc="" checkable="false" checked="false" clickable="false" enabled="true" focusable="false" focused="false" scrollable="false" long-clickable="false" password="false" selected="false" bounds="[3,240][797,913]">
                      <node index="0" text="" resource-id="" class="android.widget.LinearLayout" package="bestfreelivewallpapers.love_photo_frames_hd" content-desc="" checkable="false" checked="false" clickable="false" enabled="true" focusable="false" focused="false" scrollable="false" long-clickable="false" password="false" selected="false" bounds="[3,240][797,576]">
                        <node index="0" text="" resource-id="bestfreelivewallpapers.love_photo_frames_hd:id/frames" class="android.widget.RelativeLayout" package="bestfreelivewallpapers.love_photo_frames_hd" content-desc="" checkable="false" checked="false" clickable="false" enabled="true" focusable="false" focused="false" scrollable="false" long-clickable="false" password="false" selected="false" bounds="[3,240][400,576]">
                          <node index="0" text="    PHOTO FRAMES" resource-id="" class="android.widget.TextView" package="bestfreelivewallpapers.love_photo_frames_hd" content-desc="" checkable="false" checked="false" clickable="false" enabled="true" focusable="false" focused="false" scrollable="false" long-clickable="false" password="false" selected="false" bounds="[120,370][283,445]" />
                        </node>
                        <node index="1" text="" resource-id="bestfreelivewallpapers.love_photo_frames_hd:id/love" class="android.widget.RelativeLayout" package="bestfreelivewallpapers.love_photo_frames_hd" content-desc="" checkable="false" checked="false" clickable="false" enabled="true" focusable="false" focused="false" scrollable="false" long-clickable="false" password="false" selected="false" bounds="[400,240][797,576]">
                          <node index="0" text="     LOVE IMAGES    " resource-id="" class="android.widget.TextView" package="bestfreelivewallpapers.love_photo_frames_hd" content-desc="" checkable="false" checked="false" clickable="false" enabled="true" focusable="false" focused="false" scrollable="false" long-clickable="false" password="false" selected="false" bounds="[515,370][682,445]" />
                        </node>
                      </node>
                      <node index="1" text="" resource-id="" class="android.widget.LinearLayout" package="bestfreelivewallpapers.love_photo_frames_hd" content-desc="" checkable="false" checked="false" clickable="false" enabled="true" focusable="false" focused="false" scrollable="false" long-clickable="false" password="false" selected="false" bounds="[3,576][797,913]">
                        <node index="0" text="" resource-id="bestfreelivewallpapers.love_photo_frames_hd:id/love_quotes" class="android.widget.RelativeLayout" package="bestfreelivewallpapers.love_photo_frames_hd" content-desc="" checkable="false" checked="false" clickable="false" enabled="true" focusable="false" focused="false" scrollable="false" long-clickable="false" password="false" selected="false" bounds="[3,576][268,913]">
                          <node index="0" text="  QUOTES " resource-id="" class="android.widget.TextView" package="bestfreelivewallpapers.love_photo_frames_hd" content-desc="" checkable="false" checked="false" clickable="false" enabled="true" focusable="false" focused="false" scrollable="false" long-clickable="false" password="false" selected="false" bounds="[91,707][180,782]" />
                        </node>
                        <node index="1" text="" resource-id="bestfreelivewallpapers.love_photo_frames_hd:id/creations" class="android.widget.RelativeLayout" package="bestfreelivewallpapers.love_photo_frames_hd" content-desc="" checkable="false" checked="false" clickable="false" enabled="true" focusable="false" focused="false" scrollable="false" long-clickable="false" password="false" selected="false" bounds="[268,576][533,913]">
                          <node index="0" text=" CREATIONS   " resource-id="" class="android.widget.TextView" package="bestfreelivewallpapers.love_photo_frames_hd" content-desc="" checkable="false" checked="false" clickable="false" enabled="true" focusable="false" focused="false" scrollable="false" long-clickable="false" password="false" selected="false" bounds="[339,707][462,782]" />
                        </node>
                        <node index="2" text="" resource-id="bestfreelivewallpapers.love_photo_frames_hd:id/settings" class="android.widget.RelativeLayout" package="bestfreelivewallpapers.love_photo_frames_hd" content-desc="" checkable="false" checked="false" clickable="false" enabled="true" focusable="false" focused="false" scrollable="false" long-clickable="false" password="false" selected="false" bounds="[533,576][797,913]">
                          <node index="0" text="  SETTINGS    " resource-id="" class="android.widget.TextView" package="bestfreelivewallpapers.love_photo_frames_hd" content-desc="" checkable="false" checked="false" clickable="false" enabled="true" focusable="false" focused="false" scrollable="false" long-clickable="false" password="false" selected="false" bounds="[604,707][726,782]" />
                        </node>
                      </node>
                    </node>
                    <node index="2" text="" resource-id="bestfreelivewallpapers.love_photo_frames_hd:id/promos" class="android.widget.LinearLayout" package="bestfreelivewallpapers.love_photo_frames_hd" content-desc="" checkable="false" checked="false" clickable="false" enabled="true" focusable="false" focused="false" scrollable="false" long-clickable="false" password="false" selected="false" bounds="[0,916][800,1216]">
                      <node index="0" text="" resource-id="" class="android.widget.LinearLayout" package="bestfreelivewallpapers.love_photo_frames_hd" content-desc="" checkable="false" checked="false" clickable="false" enabled="true" focusable="false" focused="false" scrollable="false" long-clickable="false" password="false" selected="false" bounds="[0,916][800,967]">
                        <node index="0" text="Free Apps(Ads)" resource-id="" class="android.widget.TextView" package="bestfreelivewallpapers.love_photo_frames_hd" content-desc="" checkable="false" checked="false" clickable="false" enabled="true" focusable="false" focused="false" scrollable="false" long-clickable="false" password="false" selected="false" bounds="[0,923][800,960]" />
                      </node>
                      <node index="1" text="" resource-id="" class="android.widget.LinearLayout" package="bestfreelivewallpapers.love_photo_frames_hd" content-desc="" checkable="false" checked="false" clickable="false" enabled="true" focusable="false" focused="false" scrollable="false" long-clickable="false" password="false" selected="false" bounds="[0,967][800,1092]">
                        <node NAF="true" index="0" text="" resource-id="bestfreelivewallpapers.love_photo_frames_hd:id/promo1" class="android.widget.ImageButton" package="bestfreelivewallpapers.love_photo_frames_hd" content-desc="" checkable="false" checked="false" clickable="true" enabled="true" focusable="true" focused="false" scrollable="false" long-clickable="false" password="false" selected="false" bounds="[3,966][267,1094]" />
                        <node NAF="true" index="1" text="" resource-id="bestfreelivewallpapers.love_photo_frames_hd:id/promo2" class="android.widget.ImageButton" package="bestfreelivewallpapers.love_photo_frames_hd" content-desc="" checkable="false" checked="false" clickable="true" enabled="true" focusable="true" focused="false" scrollable="false" long-clickable="false" password="false" selected="false" bounds="[267,966][532,1094]" />
                        <node NAF="true" index="2" text="" resource-id="bestfreelivewallpapers.love_photo_frames_hd:id/promo3" class="android.widget.ImageButton" package="bestfreelivewallpapers.love_photo_frames_hd" content-desc="" checkable="false" checked="false" clickable="true" enabled="true" focusable="true" focused="false" scrollable="false" long-clickable="false" password="false" selected="false" bounds="[532,966][797,1094]" />
                      </node>
                      <node index="2" text="" resource-id="" class="android.widget.LinearLayout" package="bestfreelivewallpapers.love_photo_frames_hd" content-desc="" checkable="false" checked="false" clickable="false" enabled="true" focusable="false" focused="false" scrollable="false" long-clickable="false" password="false" selected="false" bounds="[0,1092][800,1216]">
                        <node NAF="true" index="0" text="" resource-id="bestfreelivewallpapers.love_photo_frames_hd:id/promo4" class="android.widget.ImageButton" package="bestfreelivewallpapers.love_photo_frames_hd" content-desc="" checkable="false" checked="false" clickable="true" enabled="true" focusable="true" focused="false" scrollable="false" long-clickable="false" password="false" selected="false" bounds="[3,1090][267,1216]" />
                        <node NAF="true" index="1" text="" resource-id="bestfreelivewallpapers.love_photo_frames_hd:id/promo5" class="android.widget.ImageButton" package="bestfreelivewallpapers.love_photo_frames_hd" content-desc="" checkable="false" checked="false" clickable="true" enabled="true" focusable="true" focused="false" scrollable="false" long-clickable="false" password="false" selected="false" bounds="[267,1090][532,1216]" />
                        <node NAF="true" index="2" text="" resource-id="bestfreelivewallpapers.love_photo_frames_hd:id/promo6" class="android.widget.ImageButton" package="bestfreelivewallpapers.love_photo_frames_hd" content-desc="" checkable="false" checked="false" clickable="true" enabled="true" focusable="true" focused="false" scrollable="false" long-clickable="false" password="false" selected="false" bounds="[532,1090][797,1216]" />
                      </node>
                    </node>
                  </node>
                </node>
              </node>
            </node>
          </node>
        </node>
      </node>
    </node>
  </node>
</hierarchy>