<?xml version='1.0' encoding='UTF-8' standalone='yes' ?>
<hierarchy rotation="0">
  <node index="0" text="" resource-id="" class="android.widget.FrameLayout" package="ca.lapresse.android.lapressemobile" content-desc="" checkable="false" checked="false" clickable="false" enabled="true" focusable="false" focused="false" scrollable="false" long-clickable="false" password="false" selected="false" bounds="[0,0][800,1216]">
    <node index="0" text="" resource-id="android:id/action_bar_overlay_layout" class="android.view.View" package="ca.lapresse.android.lapressemobile" content-desc="" checkable="false" checked="false" clickable="false" enabled="true" focusable="false" focused="false" scrollable="false" long-clickable="false" password="false" selected="false" bounds="[0,0][800,1216]">
      <node index="0" text="" resource-id="android:id/action_bar_container" class="android.widget.FrameLayout" package="ca.lapresse.android.lapressemobile" content-desc="" checkable="false" checked="false" clickable="false" enabled="true" focusable="false" focused="false" scrollable="false" long-clickable="false" password="false" selected="false" bounds="[0,33][800,108]">
        <node index="0" text="" resource-id="android:id/action_bar" class="android.view.View" package="ca.lapresse.android.lapressemobile" content-desc="" checkable="false" checked="false" clickable="false" enabled="true" focusable="false" focused="false" scrollable="false" long-clickable="false" password="false" selected="false" bounds="[0,33][800,108]">
          <node index="0" text="" resource-id="ca.lapresse.android.lapressemobile:id/actionbar_title" class="android.widget.LinearLayout" package="ca.lapresse.android.lapressemobile" content-desc="" checkable="false" checked="false" clickable="true" enabled="true" focusable="false" focused="false" scrollable="false" long-clickable="false" password="false" selected="false" bounds="[0,33][150,108]">
            <node index="0" text="TECHNO" resource-id="ca.lapresse.android.lapressemobile:id/titleLeft" class="android.widget.TextView" package="ca.lapresse.android.lapressemobile" content-desc="" checkable="false" checked="false" clickable="false" enabled="true" focusable="false" focused="false" scrollable="false" long-clickable="false" password="false" selected="false" bounds="[0,33][137,108]" />
          </node>
          <node index="2" text="" resource-id="" class="android.widget.LinearLayout" package="ca.lapresse.android.lapressemobile" content-desc="" checkable="false" checked="false" clickable="false" enabled="true" focusable="false" focused="false" scrollable="false" long-clickable="false" password="false" selected="false" bounds="[630,33][800,108]">
            <node index="0" text="" resource-id="ca.lapresse.android.lapressemobile:id/menu_item_refresh" class="android.widget.TextView" package="ca.lapresse.android.lapressemobile" content-desc="Actualiser" checkable="false" checked="false" clickable="true" enabled="true" focusable="true" focused="false" scrollable="false" long-clickable="true" password="false" selected="false" bounds="[630,33][715,108]" />
            <node index="1" text="" resource-id="" class="android.widget.LinearLayout" package="ca.lapresse.android.lapressemobile" content-desc="" checkable="false" checked="false" clickable="false" enabled="true" focusable="true" focused="false" scrollable="false" long-clickable="false" password="false" selected="false" bounds="[715,33][800,108]">
              <node NAF="true" index="0" text="" resource-id="ca.lapresse.android.lapressemobile:id/button" class="android.widget.ImageButton" package="ca.lapresse.android.lapressemobile" content-desc="" checkable="false" checked="false" clickable="true" enabled="true" focusable="true" focused="false" scrollable="false" long-clickable="false" password="false" selected="false" bounds="[736,49][779,92]" />
            </node>
          </node>
        </node>
      </node>
      <node index="1" text="" resource-id="android:id/content" class="android.widget.FrameLayout" package="ca.lapresse.android.lapressemobile" content-desc="" checkable="false" checked="false" clickable="false" enabled="true" focusable="false" focused="false" scrollable="false" long-clickable="false" password="false" selected="false" bounds="[0,108][800,1216]">
        <node index="0" text="" resource-id="ca.lapresse.android.lapressemobile:id/content" class="android.widget.LinearLayout" package="ca.lapresse.android.lapressemobile" content-desc="" checkable="false" checked="false" clickable="false" enabled="true" focusable="false" focused="false" scrollable="false" long-clickable="false" password="false" selected="false" bounds="[0,108][800,1216]">
          <node index="0" text="" resource-id="ca.lapresse.android.lapressemobile:id/slidingPaneLayout" class="android.view.View" package="ca.lapresse.android.lapressemobile" content-desc="" checkable="false" checked="false" clickable="false" enabled="true" focusable="false" focused="false" scrollable="false" long-clickable="false" password="false" selected="false" bounds="[0,108][800,1216]">
            <node index="0" text="" resource-id="" class="android.widget.LinearLayout" package="ca.lapresse.android.lapressemobile" content-desc="" checkable="false" checked="false" clickable="false" enabled="true" focusable="false" focused="false" scrollable="false" long-clickable="false" password="false" selected="false" bounds="[0,108][800,1216]">
              <node index="0" text="" resource-id="ca.lapresse.android.lapressemobile:id/section_content" class="android.widget.LinearLayout" package="ca.lapresse.android.lapressemobile" content-desc="" checkable="false" checked="false" clickable="false" enabled="true" focusable="false" focused="false" scrollable="false" long-clickable="false" password="false" selected="false" bounds="[0,108][800,1216]">
                <node index="0" text="" resource-id="" class="android.widget.LinearLayout" package="ca.lapresse.android.lapressemobile" content-desc="" checkable="false" checked="false" clickable="false" enabled="true" focusable="false" focused="false" scrollable="false" long-clickable="false" password="false" selected="false" bounds="[0,108][800,1216]">
                  <node index="0" text="" resource-id="ca.lapresse.android.lapressemobile:id/indicator" class="android.widget.HorizontalScrollView" package="ca.lapresse.android.lapressemobile" content-desc="" checkable="false" checked="false" clickable="false" enabled="true" focusable="true" focused="false" scrollable="false" long-clickable="false" password="false" selected="false" bounds="[0,108][800,161]">
                    <node index="0" text="" resource-id="" class="android.widget.LinearLayout" package="ca.lapresse.android.lapressemobile" content-desc="" checkable="false" checked="false" clickable="false" enabled="true" focusable="false" focused="false" scrollable="false" long-clickable="false" password="false" selected="false" bounds="[0,108][800,161]">
                      <node index="0" text="TOUS" resource-id="" class="android.widget.TextView" package="ca.lapresse.android.lapressemobile" content-desc="" checkable="false" checked="false" clickable="true" enabled="true" focusable="true" focused="false" scrollable="false" long-clickable="false" password="false" selected="false" bounds="[0,108][104,161]" />
                      <node index="1" text="INTERNET" resource-id="" class="android.widget.TextView" package="ca.lapresse.android.lapressemobile" content-desc="" checkable="false" checked="false" clickable="true" enabled="true" focusable="true" focused="false" scrollable="false" long-clickable="false" password="false" selected="false" bounds="[104,108][241,161]" />
                      <node index="2" text="JEUX" resource-id="" class="android.widget.TextView" package="ca.lapresse.android.lapressemobile" content-desc="" checkable="false" checked="false" clickable="true" enabled="true" focusable="true" focused="false" scrollable="false" long-clickable="false" password="false" selected="false" bounds="[241,108][342,161]" />
                      <node index="3" text="TÉLÉCOMS" resource-id="" class="android.widget.TextView" package="ca.lapresse.android.lapressemobile" content-desc="" checkable="false" checked="false" clickable="true" enabled="true" focusable="true" focused="false" scrollable="false" long-clickable="false" password="false" selected="false" bounds="[342,108][486,161]" />
                    </node>
                  </node>
                  <node index="1" text="" resource-id="ca.lapresse.android.lapressemobile:id/pager" class="android.support.v4.view.ViewPager" package="ca.lapresse.android.lapressemobile" content-desc="" checkable="false" checked="false" clickable="false" enabled="true" focusable="true" focused="false" scrollable="true" long-clickable="false" password="false" selected="false" bounds="[0,161][800,1216]">
                    <node index="1" text="" resource-id="ca.lapresse.android.lapressemobile:id/viewFlipper" class="android.widget.ViewFlipper" package="ca.lapresse.android.lapressemobile" content-desc="" checkable="false" checked="false" clickable="false" enabled="true" focusable="false" focused="false" scrollable="false" long-clickable="false" password="false" selected="false" bounds="[0,161][800,1216]">
                      <node index="0" text="" resource-id="ca.lapresse.android.lapressemobile:id/list" class="android.widget.ListView" package="ca.lapresse.android.lapressemobile" content-desc="" checkable="false" checked="false" clickable="true" enabled="true" focusable="true" focused="false" scrollable="true" long-clickable="false" password="false" selected="false" bounds="[0,161][800,1216]">
                        <node index="0" text="" resource-id="" class="android.widget.LinearLayout" package="ca.lapresse.android.lapressemobile" content-desc="" checkable="false" checked="false" clickable="true" enabled="true" focusable="false" focused="false" scrollable="false" long-clickable="false" password="false" selected="false" bounds="[0,161][800,292]">
                          <node index="0" text="" resource-id="ca.lapresse.android.lapressemobile:id/cellRoot" class="android.widget.FrameLayout" package="ca.lapresse.android.lapressemobile" content-desc="" checkable="false" checked="false" clickable="false" enabled="true" focusable="false" focused="false" scrollable="false" long-clickable="false" password="false" selected="false" bounds="[0,161][800,291]">
                            <node index="0" text="" resource-id="ca.lapresse.android.lapressemobile:id/cellInner" class="android.widget.RelativeLayout" package="ca.lapresse.android.lapressemobile" content-desc="" checkable="false" checked="false" clickable="false" enabled="true" focusable="false" focused="false" scrollable="false" long-clickable="false" password="false" selected="false" bounds="[0,161][800,291]">
                              <node index="0" text="" resource-id="ca.lapresse.android.lapressemobile:id/img" class="android.widget.RelativeLayout" package="ca.lapresse.android.lapressemobile" content-desc="" checkable="false" checked="false" clickable="false" enabled="true" focusable="false" focused="false" scrollable="false" long-clickable="false" password="false" selected="false" bounds="[13,174][169,278]">
                                <node index="0" text="" resource-id="" class="android.widget.ImageView" package="ca.lapresse.android.lapressemobile" content-desc="" checkable="false" checked="false" clickable="false" enabled="true" focusable="false" focused="false" scrollable="false" long-clickable="false" password="false" selected="false" bounds="[13,174][169,278]" />
                              </node>
                              <node index="1" text="" resource-id="ca.lapresse.android.lapressemobile:id/bannerContainer" class="android.widget.RelativeLayout" package="ca.lapresse.android.lapressemobile" content-desc="" checkable="false" checked="false" clickable="false" enabled="true" focusable="false" focused="false" scrollable="false" long-clickable="false" password="false" selected="false" bounds="[182,174][787,195]">
                                <node index="0" text="INTERNET" resource-id="ca.lapresse.android.lapressemobile:id/channelName" class="android.widget.TextView" package="ca.lapresse.android.lapressemobile" content-desc="" checkable="false" checked="false" clickable="false" enabled="true" focusable="false" focused="false" scrollable="false" long-clickable="false" password="false" selected="false" bounds="[182,174][787,194]" />
                              </node>
                              <node index="2" text="(06/07/17) Publicité numérique: Le Monde et Le Figaro s'allient face à Google et Facebook" resource-id="ca.lapresse.android.lapressemobile:id/title" class="android.widget.TextView" package="ca.lapresse.android.lapressemobile" content-desc="" checkable="false" checked="false" clickable="false" enabled="true" focusable="false" focused="false" scrollable="false" long-clickable="false" password="false" selected="false" bounds="[182,198][787,250]" />
                            </node>
                          </node>
                          <node index="1" text="" resource-id="" class="android.view.View" package="ca.lapresse.android.lapressemobile" content-desc="" checkable="false" checked="false" clickable="false" enabled="true" focusable="false" focused="false" scrollable="false" long-clickable="false" password="false" selected="false" bounds="[0,291][800,292]" />
                        </node>
                        <node index="1" text="" resource-id="" class="android.widget.LinearLayout" package="ca.lapresse.android.lapressemobile" content-desc="" checkable="false" checked="false" clickable="true" enabled="true" focusable="false" focused="false" scrollable="false" long-clickable="false" password="false" selected="false" bounds="[0,293][800,424]">
                          <node index="0" text="" resource-id="ca.lapresse.android.lapressemobile:id/cellRoot" class="android.widget.FrameLayout" package="ca.lapresse.android.lapressemobile" content-desc="" checkable="false" checked="false" clickable="false" enabled="true" focusable="false" focused="false" scrollable="false" long-clickable="false" password="false" selected="false" bounds="[0,293][800,423]">
                            <node index="0" text="" resource-id="ca.lapresse.android.lapressemobile:id/cellInner" class="android.widget.RelativeLayout" package="ca.lapresse.android.lapressemobile" content-desc="" checkable="false" checked="false" clickable="false" enabled="true" focusable="false" focused="false" scrollable="false" long-clickable="false" password="false" selected="false" bounds="[0,293][800,423]">
                              <node index="0" text="" resource-id="ca.lapresse.android.lapressemobile:id/img" class="android.widget.RelativeLayout" package="ca.lapresse.android.lapressemobile" content-desc="" checkable="false" checked="false" clickable="false" enabled="true" focusable="false" focused="false" scrollable="false" long-clickable="false" password="false" selected="false" bounds="[13,306][169,410]">
                                <node index="0" text="" resource-id="" class="android.widget.ImageView" package="ca.lapresse.android.lapressemobile" content-desc="" checkable="false" checked="false" clickable="false" enabled="true" focusable="false" focused="false" scrollable="false" long-clickable="false" password="false" selected="false" bounds="[13,306][169,410]" />
                              </node>
                              <node index="1" text="" resource-id="ca.lapresse.android.lapressemobile:id/bannerContainer" class="android.widget.RelativeLayout" package="ca.lapresse.android.lapressemobile" content-desc="" checkable="false" checked="false" clickable="false" enabled="true" focusable="false" focused="false" scrollable="false" long-clickable="false" password="false" selected="false" bounds="[182,306][787,327]">
                                <node index="0" text="MUSIQUE" resource-id="ca.lapresse.android.lapressemobile:id/channelName" class="android.widget.TextView" package="ca.lapresse.android.lapressemobile" content-desc="" checkable="false" checked="false" clickable="false" enabled="true" focusable="false" focused="false" scrollable="false" long-clickable="false" password="false" selected="false" bounds="[182,306][787,326]" />
                              </node>
                              <node index="2" text="(05/07/17) États-Unis: l'écoute de musique en ligne poursuit sa croissance" resource-id="ca.lapresse.android.lapressemobile:id/title" class="android.widget.TextView" package="ca.lapresse.android.lapressemobile" content-desc="" checkable="false" checked="false" clickable="false" enabled="true" focusable="false" focused="false" scrollable="false" long-clickable="false" password="false" selected="false" bounds="[182,330][787,382]" />
                            </node>
                          </node>
                          <node index="1" text="" resource-id="" class="android.view.View" package="ca.lapresse.android.lapressemobile" content-desc="" checkable="false" checked="false" clickable="false" enabled="true" focusable="false" focused="false" scrollable="false" long-clickable="false" password="false" selected="false" bounds="[0,423][800,424]" />
                        </node>
                        <node index="2" text="" resource-id="" class="android.widget.LinearLayout" package="ca.lapresse.android.lapressemobile" content-desc="" checkable="false" checked="false" clickable="true" enabled="true" focusable="false" focused="false" scrollable="false" long-clickable="false" password="false" selected="false" bounds="[0,424][800,555]">
                          <node index="0" text="" resource-id="ca.lapresse.android.lapressemobile:id/cellRoot" class="android.widget.FrameLayout" package="ca.lapresse.android.lapressemobile" content-desc="" checkable="false" checked="false" clickable="false" enabled="true" focusable="false" focused="false" scrollable="false" long-clickable="false" password="false" selected="false" bounds="[0,424][800,554]">
                            <node index="0" text="" resource-id="ca.lapresse.android.lapressemobile:id/cellInner" class="android.widget.RelativeLayout" package="ca.lapresse.android.lapressemobile" content-desc="" checkable="false" checked="false" clickable="false" enabled="true" focusable="false" focused="false" scrollable="false" long-clickable="false" password="false" selected="false" bounds="[0,424][800,554]">
                              <node index="0" text="" resource-id="ca.lapresse.android.lapressemobile:id/img" class="android.widget.RelativeLayout" package="ca.lapresse.android.lapressemobile" content-desc="" checkable="false" checked="false" clickable="false" enabled="true" focusable="false" focused="false" scrollable="false" long-clickable="false" password="false" selected="false" bounds="[13,437][169,541]">
                                <node index="0" text="" resource-id="" class="android.widget.ImageView" package="ca.lapresse.android.lapressemobile" content-desc="" checkable="false" checked="false" clickable="false" enabled="true" focusable="false" focused="false" scrollable="false" long-clickable="false" password="false" selected="false" bounds="[13,437][169,541]" />
                              </node>
                              <node index="1" text="" resource-id="ca.lapresse.android.lapressemobile:id/bannerContainer" class="android.widget.RelativeLayout" package="ca.lapresse.android.lapressemobile" content-desc="" checkable="false" checked="false" clickable="false" enabled="true" focusable="false" focused="false" scrollable="false" long-clickable="false" password="false" selected="false" bounds="[182,437][787,458]">
                                <node index="0" text="VIE DE STARS" resource-id="ca.lapresse.android.lapressemobile:id/channelName" class="android.widget.TextView" package="ca.lapresse.android.lapressemobile" content-desc="" checkable="false" checked="false" clickable="false" enabled="true" focusable="false" focused="false" scrollable="false" long-clickable="false" password="false" selected="false" bounds="[182,437][787,457]" />
                              </node>
                              <node index="2" text="(05/07/17) Ed Sheeran chassé de Twitter par les trolls" resource-id="ca.lapresse.android.lapressemobile:id/title" class="android.widget.TextView" package="ca.lapresse.android.lapressemobile" content-desc="" checkable="false" checked="false" clickable="false" enabled="true" focusable="false" focused="false" scrollable="false" long-clickable="false" password="false" selected="false" bounds="[182,461][662,489]" />
                            </node>
                          </node>
                          <node index="1" text="" resource-id="" class="android.view.View" package="ca.lapresse.android.lapressemobile" content-desc="" checkable="false" checked="false" clickable="false" enabled="true" focusable="false" focused="false" scrollable="false" long-clickable="false" password="false" selected="false" bounds="[0,554][800,555]" />
                        </node>
                        <node index="3" text="" resource-id="" class="android.widget.LinearLayout" package="ca.lapresse.android.lapressemobile" content-desc="" checkable="false" checked="false" clickable="true" enabled="true" focusable="false" focused="false" scrollable="false" long-clickable="false" password="false" selected="false" bounds="[0,555][800,686]">
                          <node index="0" text="" resource-id="ca.lapresse.android.lapressemobile:id/cellRoot" class="android.widget.FrameLayout" package="ca.lapresse.android.lapressemobile" content-desc="" checkable="false" checked="false" clickable="false" enabled="true" focusable="false" focused="false" scrollable="false" long-clickable="false" password="false" selected="false" bounds="[0,555][800,685]">
                            <node index="0" text="" resource-id="ca.lapresse.android.lapressemobile:id/cellInner" class="android.widget.RelativeLayout" package="ca.lapresse.android.lapressemobile" content-desc="" checkable="false" checked="false" clickable="false" enabled="true" focusable="false" focused="false" scrollable="false" long-clickable="false" password="false" selected="false" bounds="[0,555][800,685]">
                              <node index="0" text="" resource-id="ca.lapresse.android.lapressemobile:id/img" class="android.widget.RelativeLayout" package="ca.lapresse.android.lapressemobile" content-desc="" checkable="false" checked="false" clickable="false" enabled="true" focusable="false" focused="false" scrollable="false" long-clickable="false" password="false" selected="false" bounds="[13,568][169,672]">
                                <node index="0" text="" resource-id="" class="android.widget.ImageView" package="ca.lapresse.android.lapressemobile" content-desc="" checkable="false" checked="false" clickable="false" enabled="true" focusable="false" focused="false" scrollable="false" long-clickable="false" password="false" selected="false" bounds="[13,568][169,672]" />
                              </node>
                              <node index="1" text="" resource-id="ca.lapresse.android.lapressemobile:id/bannerContainer" class="android.widget.RelativeLayout" package="ca.lapresse.android.lapressemobile" content-desc="" checkable="false" checked="false" clickable="false" enabled="true" focusable="false" focused="false" scrollable="false" long-clickable="false" password="false" selected="false" bounds="[182,568][787,589]">
                                <node index="0" text="INTERNET" resource-id="ca.lapresse.android.lapressemobile:id/channelName" class="android.widget.TextView" package="ca.lapresse.android.lapressemobile" content-desc="" checkable="false" checked="false" clickable="false" enabled="true" focusable="false" focused="false" scrollable="false" long-clickable="false" password="false" selected="false" bounds="[182,568][787,588]" />
                              </node>
                              <node index="2" text="(30/06/17) La Chine bannit l'homosexualité et l'adultère des vidéos en ligne" resource-id="ca.lapresse.android.lapressemobile:id/title" class="android.widget.TextView" package="ca.lapresse.android.lapressemobile" content-desc="" checkable="false" checked="false" clickable="false" enabled="true" focusable="false" focused="false" scrollable="false" long-clickable="false" password="false" selected="false" bounds="[182,592][787,644]" />
                            </node>
                          </node>
                          <node index="1" text="" resource-id="" class="android.view.View" package="ca.lapresse.android.lapressemobile" content-desc="" checkable="false" checked="false" clickable="false" enabled="true" focusable="false" focused="false" scrollable="false" long-clickable="false" password="false" selected="false" bounds="[0,685][800,686]" />
                        </node>
                        <node index="4" text="" resource-id="" class="android.widget.LinearLayout" package="ca.lapresse.android.lapressemobile" content-desc="" checkable="false" checked="false" clickable="true" enabled="true" focusable="false" focused="false" scrollable="false" long-clickable="false" password="false" selected="false" bounds="[0,686][800,817]">
                          <node index="0" text="" resource-id="ca.lapresse.android.lapressemobile:id/cellRoot" class="android.widget.FrameLayout" package="ca.lapresse.android.lapressemobile" content-desc="" checkable="false" checked="false" clickable="false" enabled="true" focusable="false" focused="false" scrollable="false" long-clickable="false" password="false" selected="false" bounds="[0,686][800,816]">
                            <node index="0" text="" resource-id="ca.lapresse.android.lapressemobile:id/cellInner" class="android.widget.RelativeLayout" package="ca.lapresse.android.lapressemobile" content-desc="" checkable="false" checked="false" clickable="false" enabled="true" focusable="false" focused="false" scrollable="false" long-clickable="false" password="false" selected="false" bounds="[0,686][800,816]">
                              <node index="0" text="" resource-id="ca.lapresse.android.lapressemobile:id/img" class="android.widget.RelativeLayout" package="ca.lapresse.android.lapressemobile" content-desc="" checkable="false" checked="false" clickable="false" enabled="true" focusable="false" focused="false" scrollable="false" long-clickable="false" password="false" selected="false" bounds="[13,699][169,803]">
                                <node index="0" text="" resource-id="" class="android.widget.ImageView" package="ca.lapresse.android.lapressemobile" content-desc="" checkable="false" checked="false" clickable="false" enabled="true" focusable="false" focused="false" scrollable="false" long-clickable="false" password="false" selected="false" bounds="[13,699][169,803]" />
                              </node>
                              <node index="1" text="" resource-id="ca.lapresse.android.lapressemobile:id/bannerContainer" class="android.widget.RelativeLayout" package="ca.lapresse.android.lapressemobile" content-desc="" checkable="false" checked="false" clickable="false" enabled="true" focusable="false" focused="false" scrollable="false" long-clickable="false" password="false" selected="false" bounds="[182,699][787,720]">
                                <node index="0" text="INTERNET" resource-id="ca.lapresse.android.lapressemobile:id/channelName" class="android.widget.TextView" package="ca.lapresse.android.lapressemobile" content-desc="" checkable="false" checked="false" clickable="false" enabled="true" focusable="false" focused="false" scrollable="false" long-clickable="false" password="false" selected="false" bounds="[182,699][787,719]" />
                              </node>
                              <node index="2" text="(28/06/17) La Cour suprême somme Google de retirer des sites web à l'échelle mondiale" resource-id="ca.lapresse.android.lapressemobile:id/title" class="android.widget.TextView" package="ca.lapresse.android.lapressemobile" content-desc="" checkable="false" checked="false" clickable="false" enabled="true" focusable="false" focused="false" scrollable="false" long-clickable="false" password="false" selected="false" bounds="[182,723][787,775]" />
                            </node>
                          </node>
                          <node index="1" text="" resource-id="" class="android.view.View" package="ca.lapresse.android.lapressemobile" content-desc="" checkable="false" checked="false" clickable="false" enabled="true" focusable="false" focused="false" scrollable="false" long-clickable="false" password="false" selected="false" bounds="[0,816][800,817]" />
                        </node>
                        <node index="5" text="" resource-id="" class="android.widget.LinearLayout" package="ca.lapresse.android.lapressemobile" content-desc="" checkable="false" checked="false" clickable="true" enabled="true" focusable="false" focused="false" scrollable="false" long-clickable="false" password="false" selected="false" bounds="[0,817][800,948]">
                          <node index="0" text="" resource-id="ca.lapresse.android.lapressemobile:id/cellRoot" class="android.widget.FrameLayout" package="ca.lapresse.android.lapressemobile" content-desc="" checkable="false" checked="false" clickable="false" enabled="true" focusable="false" focused="false" scrollable="false" long-clickable="false" password="false" selected="false" bounds="[0,817][800,947]">
                            <node index="0" text="" resource-id="ca.lapresse.android.lapressemobile:id/cellInner" class="android.widget.RelativeLayout" package="ca.lapresse.android.lapressemobile" content-desc="" checkable="false" checked="false" clickable="false" enabled="true" focusable="false" focused="false" scrollable="false" long-clickable="false" password="false" selected="false" bounds="[0,817][800,947]">
                              <node index="0" text="" resource-id="ca.lapresse.android.lapressemobile:id/img" class="android.widget.RelativeLayout" package="ca.lapresse.android.lapressemobile" content-desc="" checkable="false" checked="false" clickable="false" enabled="true" focusable="false" focused="false" scrollable="false" long-clickable="false" password="false" selected="false" bounds="[13,830][169,934]">
                                <node index="0" text="" resource-id="" class="android.widget.ImageView" package="ca.lapresse.android.lapressemobile" content-desc="" checkable="false" checked="false" clickable="false" enabled="true" focusable="false" focused="false" scrollable="false" long-clickable="false" password="false" selected="false" bounds="[13,830][169,934]" />
                              </node>
                              <node index="1" text="" resource-id="ca.lapresse.android.lapressemobile:id/bannerContainer" class="android.widget.RelativeLayout" package="ca.lapresse.android.lapressemobile" content-desc="" checkable="false" checked="false" clickable="false" enabled="true" focusable="false" focused="false" scrollable="false" long-clickable="false" password="false" selected="false" bounds="[182,830][787,851]">
                                <node index="0" text="INTERNET" resource-id="ca.lapresse.android.lapressemobile:id/channelName" class="android.widget.TextView" package="ca.lapresse.android.lapressemobile" content-desc="" checkable="false" checked="false" clickable="false" enabled="true" focusable="false" focused="false" scrollable="false" long-clickable="false" password="false" selected="false" bounds="[182,830][787,850]" />
                              </node>
                              <node index="2" text="(28/06/17) Appels à renforcer la cybersécurité après une nouvelle attaque mondiale" resource-id="ca.lapresse.android.lapressemobile:id/title" class="android.widget.TextView" package="ca.lapresse.android.lapressemobile" content-desc="" checkable="false" checked="false" clickable="false" enabled="true" focusable="false" focused="false" scrollable="false" long-clickable="false" password="false" selected="false" bounds="[182,854][787,906]" />
                            </node>
                          </node>
                          <node index="1" text="" resource-id="" class="android.view.View" package="ca.lapresse.android.lapressemobile" content-desc="" checkable="false" checked="false" clickable="false" enabled="true" focusable="false" focused="false" scrollable="false" long-clickable="false" password="false" selected="false" bounds="[0,947][800,948]" />
                        </node>
                        <node index="6" text="" resource-id="" class="android.widget.LinearLayout" package="ca.lapresse.android.lapressemobile" content-desc="" checkable="false" checked="false" clickable="true" enabled="true" focusable="false" focused="false" scrollable="false" long-clickable="false" password="false" selected="false" bounds="[0,948][800,1079]">
                          <node index="0" text="" resource-id="ca.lapresse.android.lapressemobile:id/cellRoot" class="android.widget.FrameLayout" package="ca.lapresse.android.lapressemobile" content-desc="" checkable="false" checked="false" clickable="false" enabled="true" focusable="false" focused="false" scrollable="false" long-clickable="false" password="false" selected="false" bounds="[0,948][800,1078]">
                            <node index="0" text="" resource-id="ca.lapresse.android.lapressemobile:id/cellInner" class="android.widget.RelativeLayout" package="ca.lapresse.android.lapressemobile" content-desc="" checkable="false" checked="false" clickable="false" enabled="true" focusable="false" focused="false" scrollable="false" long-clickable="false" password="false" selected="false" bounds="[0,948][800,1078]">
                              <node index="0" text="" resource-id="ca.lapresse.android.lapressemobile:id/img" class="android.widget.RelativeLayout" package="ca.lapresse.android.lapressemobile" content-desc="" checkable="false" checked="false" clickable="false" enabled="true" focusable="false" focused="false" scrollable="false" long-clickable="false" password="false" selected="false" bounds="[13,961][169,1065]">
                                <node index="0" text="" resource-id="" class="android.widget.ImageView" package="ca.lapresse.android.lapressemobile" content-desc="" checkable="false" checked="false" clickable="false" enabled="true" focusable="false" focused="false" scrollable="false" long-clickable="false" password="false" selected="false" bounds="[13,961][169,1065]" />
                              </node>
                              <node index="1" text="" resource-id="ca.lapresse.android.lapressemobile:id/bannerContainer" class="android.widget.RelativeLayout" package="ca.lapresse.android.lapressemobile" content-desc="" checkable="false" checked="false" clickable="false" enabled="true" focusable="false" focused="false" scrollable="false" long-clickable="false" password="false" selected="false" bounds="[182,961][787,982]">
                                <node index="0" text="INTERNET" resource-id="ca.lapresse.android.lapressemobile:id/channelName" class="android.widget.TextView" package="ca.lapresse.android.lapressemobile" content-desc="" checkable="false" checked="false" clickable="false" enabled="true" focusable="false" focused="false" scrollable="false" long-clickable="false" password="false" selected="false" bounds="[182,961][787,981]" />
                              </node>
                              <node index="2" text="(27/06/17) Facebook atteint la barre des 2 milliards d'utilisateurs" resource-id="ca.lapresse.android.lapressemobile:id/title" class="android.widget.TextView" package="ca.lapresse.android.lapressemobile" content-desc="" checkable="false" checked="false" clickable="false" enabled="true" focusable="false" focused="false" scrollable="false" long-clickable="false" password="false" selected="false" bounds="[182,985][757,1013]" />
                            </node>
                          </node>
                          <node index="1" text="" resource-id="" class="android.view.View" package="ca.lapresse.android.lapressemobile" content-desc="" checkable="false" checked="false" clickable="false" enabled="true" focusable="false" focused="false" scrollable="false" long-clickable="false" password="false" selected="false" bounds="[0,1078][800,1079]" />
                        </node>
                        <node index="7" text="" resource-id="" class="android.widget.LinearLayout" package="ca.lapresse.android.lapressemobile" content-desc="" checkable="false" checked="false" clickable="true" enabled="true" focusable="false" focused="false" scrollable="false" long-clickable="false" password="false" selected="false" bounds="[0,1079][800,1210]">
                          <node index="0" text="" resource-id="ca.lapresse.android.lapressemobile:id/cellRoot" class="android.widget.FrameLayout" package="ca.lapresse.android.lapressemobile" content-desc="" checkable="false" checked="false" clickable="false" enabled="true" focusable="false" focused="false" scrollable="false" long-clickable="false" password="false" selected="false" bounds="[0,1079][800,1209]">
                            <node index="0" text="" resource-id="ca.lapresse.android.lapressemobile:id/cellInner" class="android.widget.RelativeLayout" package="ca.lapresse.android.lapressemobile" content-desc="" checkable="false" checked="false" clickable="false" enabled="true" focusable="false" focused="false" scrollable="false" long-clickable="false" password="false" selected="false" bounds="[0,1079][800,1209]">
                              <node index="0" text="" resource-id="ca.lapresse.android.lapressemobile:id/img" class="android.widget.RelativeLayout" package="ca.lapresse.android.lapressemobile" content-desc="" checkable="false" checked="false" clickable="false" enabled="true" focusable="false" focused="false" scrollable="false" long-clickable="false" password="false" selected="false" bounds="[13,1092][169,1196]">
                                <node index="0" text="" resource-id="" class="android.widget.ImageView" package="ca.lapresse.android.lapressemobile" content-desc="" checkable="false" checked="false" clickable="false" enabled="true" focusable="false" focused="false" scrollable="false" long-clickable="false" password="false" selected="false" bounds="[13,1092][169,1196]" />
                              </node>
                              <node index="1" text="" resource-id="ca.lapresse.android.lapressemobile:id/bannerContainer" class="android.widget.RelativeLayout" package="ca.lapresse.android.lapressemobile" content-desc="" checkable="false" checked="false" clickable="false" enabled="true" focusable="false" focused="false" scrollable="false" long-clickable="false" password="false" selected="false" bounds="[182,1092][787,1113]">
                                <node index="0" text="INTERNET" resource-id="ca.lapresse.android.lapressemobile:id/channelName" class="android.widget.TextView" package="ca.lapresse.android.lapressemobile" content-desc="" checkable="false" checked="false" clickable="false" enabled="true" focusable="false" focused="false" scrollable="false" long-clickable="false" password="false" selected="false" bounds="[182,1092][787,1112]" />
                              </node>
                              <node index="2" text="(26/06/17) Des géants d'internet créent un Forum mondial contre le terrorisme" resource-id="ca.lapresse.android.lapressemobile:id/title" class="android.widget.TextView" package="ca.lapresse.android.lapressemobile" content-desc="" checkable="false" checked="false" clickable="false" enabled="true" focusable="false" focused="false" scrollable="false" long-clickable="false" password="false" selected="false" bounds="[182,1116][787,1168]" />
                            </node>
                          </node>
                          <node index="1" text="" resource-id="" class="android.view.View" package="ca.lapresse.android.lapressemobile" content-desc="" checkable="false" checked="false" clickable="false" enabled="true" focusable="false" focused="false" scrollable="false" long-clickable="false" password="false" selected="false" bounds="[0,1209][800,1210]" />
                        </node>
                        <node index="8" text="" resource-id="" class="android.widget.LinearLayout" package="ca.lapresse.android.lapressemobile" content-desc="" checkable="false" checked="false" clickable="true" enabled="true" focusable="false" focused="false" scrollable="false" long-clickable="false" password="false" selected="false" bounds="[0,1210][800,1216]">
                          <node index="0" text="" resource-id="ca.lapresse.android.lapressemobile:id/cellRoot" class="android.widget.FrameLayout" package="ca.lapresse.android.lapressemobile" content-desc="" checkable="false" checked="false" clickable="false" enabled="true" focusable="false" focused="false" scrollable="false" long-clickable="false" password="false" selected="false" bounds="[0,1210][800,1216]">
                            <node index="0" text="" resource-id="ca.lapresse.android.lapressemobile:id/cellInner" class="android.widget.RelativeLayout" package="ca.lapresse.android.lapressemobile" content-desc="" checkable="false" checked="false" clickable="false" enabled="true" focusable="false" focused="false" scrollable="false" long-clickable="false" password="false" selected="false" bounds="[0,1210][800,1216]" />
                          </node>
                        </node>
                      </node>
                    </node>
                  </node>
                </node>
              </node>
            </node>
          </node>
        </node>
      </node>
    </node>
  </node>
</hierarchy>