<?xml version='1.0' encoding='UTF-8' standalone='yes' ?>
<hierarchy rotation="0">
  <node index="0" text="" resource-id="" class="android.widget.FrameLayout" package="browser4g.fast.internetwebexplorer" content-desc="" checkable="false" checked="false" clickable="false" enabled="true" focusable="false" focused="false" scrollable="false" long-clickable="false" password="false" selected="false" bounds="[0,0][800,1216]">
    <node index="0" text="" resource-id="" class="android.widget.LinearLayout" package="browser4g.fast.internetwebexplorer" content-desc="" checkable="false" checked="false" clickable="false" enabled="true" focusable="false" focused="false" scrollable="false" long-clickable="false" password="false" selected="false" bounds="[0,0][800,1216]">
      <node index="0" text="" resource-id="android:id/content" class="android.widget.FrameLayout" package="browser4g.fast.internetwebexplorer" content-desc="" checkable="false" checked="false" clickable="false" enabled="true" focusable="false" focused="false" scrollable="false" long-clickable="false" password="false" selected="false" bounds="[0,0][800,1216]">
        <node index="0" text="" resource-id="browser4g.fast.internetwebexplorer:id/root" class="android.widget.RelativeLayout" package="browser4g.fast.internetwebexplorer" content-desc="" checkable="false" checked="false" clickable="false" enabled="true" focusable="false" focused="false" scrollable="false" long-clickable="false" password="false" selected="false" bounds="[0,0][800,1216]">
          <node index="0" text="" resource-id="browser4g.fast.internetwebexplorer:id/rl_action_layout" class="android.widget.FrameLayout" package="browser4g.fast.internetwebexplorer" content-desc="" checkable="false" checked="false" clickable="false" enabled="true" focusable="false" focused="false" scrollable="false" long-clickable="false" password="false" selected="false" bounds="[0,0][800,1216]">
            <node index="0" text="" resource-id="browser4g.fast.internetwebexplorer:id/content_fragment" class="android.widget.FrameLayout" package="browser4g.fast.internetwebexplorer" content-desc="" checkable="false" checked="false" clickable="false" enabled="true" focusable="false" focused="false" scrollable="false" long-clickable="false" password="false" selected="false" bounds="[0,0][800,1216]">
              <node index="0" text="" resource-id="browser4g.fast.internetwebexplorer:id/root_layout" class="android.widget.ScrollView" package="browser4g.fast.internetwebexplorer" content-desc="" checkable="false" checked="false" clickable="false" enabled="true" focusable="true" focused="false" scrollable="true" long-clickable="false" password="false" selected="false" bounds="[0,0][800,1216]">
                <node index="0" text="" resource-id="browser4g.fast.internetwebexplorer:id/root_container" class="android.widget.LinearLayout" package="browser4g.fast.internetwebexplorer" content-desc="" checkable="false" checked="false" clickable="false" enabled="true" focusable="false" focused="false" scrollable="false" long-clickable="false" password="false" selected="false" bounds="[0,0][800,1216]">
                  <node index="0" text="" resource-id="" class="android.widget.RelativeLayout" package="browser4g.fast.internetwebexplorer" content-desc="" checkable="false" checked="false" clickable="false" enabled="true" focusable="false" focused="false" scrollable="false" long-clickable="false" password="false" selected="false" bounds="[0,0][800,252]">
                    <node index="0" text="" resource-id="browser4g.fast.internetwebexplorer:id/webviewLayout" class="android.widget.LinearLayout" package="browser4g.fast.internetwebexplorer" content-desc="" checkable="false" checked="false" clickable="false" enabled="true" focusable="false" focused="false" scrollable="false" long-clickable="false" password="false" selected="false" bounds="[0,0][800,252]">
                      <node index="0" text="" resource-id="" class="android.view.View" package="browser4g.fast.internetwebexplorer" content-desc="template.html" checkable="false" checked="false" clickable="false" enabled="true" focusable="true" focused="true" scrollable="true" long-clickable="false" password="false" selected="false" bounds="[0,-3188][800,-3165]">
                        <node index="0" text="" resource-id="" class="android.view.View" package="browser4g.fast.internetwebexplorer" content-desc=" " checkable="false" checked="false" clickable="true" enabled="true" focusable="false" focused="false" scrollable="false" long-clickable="false" password="false" selected="false" bounds="[0,-3188][3,-3165]" />
                        <node index="1" text="" resource-id="" class="android.view.View" package="browser4g.fast.internetwebexplorer" content-desc="How to Make Delicious Cupcakes at Your Home" checkable="false" checked="false" clickable="true" enabled="true" focusable="false" focused="false" scrollable="false" long-clickable="false" password="false" selected="false" bounds="[23,-3081][776,-3034]" />
                        <node index="2" text="" resource-id="" class="android.widget.Image" package="browser4g.fast.internetwebexplorer" content-desc="" checkable="false" checked="false" clickable="false" enabled="true" focusable="false" focused="false" scrollable="false" long-clickable="false" password="false" selected="false" bounds="[23,-3010][55,-2978]" />
                        <node index="3" text="" resource-id="" class="android.view.View" package="browser4g.fast.internetwebexplorer" content-desc="Powner by News Republic" checkable="false" checked="false" clickable="true" enabled="true" focusable="false" focused="false" scrollable="false" long-clickable="false" password="false" selected="false" bounds="[66,-3007][726,-2975]" />
                        <node index="4" text="" resource-id="" class="android.view.View" package="browser4g.fast.internetwebexplorer" content-desc="Udaipur Times" checkable="false" checked="false" clickable="true" enabled="true" focusable="false" focused="false" scrollable="false" long-clickable="false" password="false" selected="false" bounds="[23,-2957][464,-2933]" />
                        <node index="5" text="" resource-id="" class="android.view.View" package="browser4g.fast.internetwebexplorer" content-desc="28 May. 14:30" checkable="false" checked="false" clickable="true" enabled="true" focusable="false" focused="false" scrollable="false" long-clickable="false" password="false" selected="false" bounds="[23,-2905][343,-2881]" />
                        <node index="6" text="" resource-id="" class="android.view.View" package="browser4g.fast.internetwebexplorer" content-desc="" checkable="false" checked="false" clickable="false" enabled="true" focusable="false" focused="false" scrollable="false" long-clickable="false" password="false" selected="false" bounds="[23,-2862][776,-2432]">
                          <node index="0" text="" resource-id="" class="android.widget.Image" package="browser4g.fast.internetwebexplorer" content-desc="" checkable="false" checked="false" clickable="false" enabled="true" focusable="false" focused="false" scrollable="false" long-clickable="false" password="false" selected="false" bounds="[23,-2849][776,-2440]" />
                        </node>
                        <node index="7" text="" resource-id="" class="android.view.View" package="browser4g.fast.internetwebexplorer" content-desc="Are you in love with cute and delicious cupcakes? Well, if until the time you think that cupcakes are the treats that you can get at the bakery near you then soon we are going to burst this myth. Making cupcake at home is as simple as going to market and picking the best one for you. Cupcake is definitely a thing that everyone falls for. Whether it is for your kid or you yourself love the swirl on the top of the cute muffins, we are going to tell you the easiest recipe following what you can make this cute cake treat at home and present this fantasy to your loved ones." checkable="false" checked="false" clickable="true" enabled="true" focusable="false" focused="false" scrollable="false" long-clickable="false" password="false" selected="false" bounds="[23,-2419][776,-2046]" />
                        <node index="8" text="" resource-id="" class="android.view.View" package="browser4g.fast.internetwebexplorer" content-desc="Ingredients You Will Need" checkable="false" checked="false" clickable="true" enabled="true" focusable="false" focused="false" scrollable="false" long-clickable="false" password="false" selected="false" bounds="[23,-2014][776,-1972]" />
                        <node index="9" text="" resource-id="" class="android.view.View" package="browser4g.fast.internetwebexplorer" content-desc="125g All-purpose flour" checkable="false" checked="false" clickable="true" enabled="true" focusable="false" focused="false" scrollable="false" long-clickable="false" password="false" selected="false" bounds="[23,-1940][776,-1897]" />
                        <node index="10" text="" resource-id="" class="android.view.View" package="browser4g.fast.internetwebexplorer" content-desc="125g Butter or Margarine (bring at room temperature)" checkable="false" checked="false" clickable="true" enabled="true" focusable="false" focused="false" scrollable="false" long-clickable="false" password="false" selected="false" bounds="[23,-1865][776,-1823]" />
                        <node index="11" text="" resource-id="" class="android.view.View" package="browser4g.fast.internetwebexplorer" content-desc="125g Caster Sugar" checkable="false" checked="false" clickable="true" enabled="true" focusable="false" focused="false" scrollable="false" long-clickable="false" password="false" selected="false" bounds="[23,-1791][776,-1748]" />
                        <node index="12" text="" resource-id="" class="android.view.View" package="browser4g.fast.internetwebexplorer" content-desc="2 Eggs (bring at room temperature)" checkable="false" checked="false" clickable="true" enabled="true" focusable="false" focused="false" scrollable="false" long-clickable="false" password="false" selected="false" bounds="[23,-1716][776,-1674]" />
                        <node index="13" text="" resource-id="" class="android.view.View" package="browser4g.fast.internetwebexplorer" content-desc="Few Drops of Vanilla Essence" checkable="false" checked="false" clickable="true" enabled="true" focusable="false" focused="false" scrollable="false" long-clickable="false" password="false" selected="false" bounds="[23,-1640][776,-1598]" />
                        <node index="14" text="" resource-id="" class="android.view.View" package="browser4g.fast.internetwebexplorer" content-desc="Ingredients You Will Need For Decoration" checkable="false" checked="false" clickable="true" enabled="true" focusable="false" focused="false" scrollable="false" long-clickable="false" password="false" selected="false" bounds="[23,-1566][776,-1523]" />
                        <node index="15" text="" resource-id="" class="android.view.View" package="browser4g.fast.internetwebexplorer" content-desc="125g Butter (room temperature)" checkable="false" checked="false" clickable="true" enabled="true" focusable="false" focused="false" scrollable="false" long-clickable="false" password="false" selected="false" bounds="[23,-1491][776,-1449]" />
                        <node index="16" text="" resource-id="" class="android.view.View" package="browser4g.fast.internetwebexplorer" content-desc="225g Icing Sugar (sieved)" checkable="false" checked="false" clickable="true" enabled="true" focusable="false" focused="false" scrollable="false" long-clickable="false" password="false" selected="false" bounds="[23,-1417][776,-1374]" />
                        <node index="17" text="" resource-id="" class="android.view.View" package="browser4g.fast.internetwebexplorer" content-desc="Sweet Coloring (few drops)" checkable="false" checked="false" clickable="true" enabled="true" focusable="false" focused="false" scrollable="false" long-clickable="false" password="false" selected="false" bounds="[23,-1342][776,-1299]" />
                        <node index="18" text="" resource-id="" class="android.view.View" package="browser4g.fast.internetwebexplorer" content-desc="Sweets (optional)" checkable="false" checked="false" clickable="true" enabled="true" focusable="false" focused="false" scrollable="false" long-clickable="false" password="false" selected="false" bounds="[23,-1266][776,-1224]" />
                        <node index="19" text="" resource-id="" class="android.view.View" package="browser4g.fast.internetwebexplorer" content-desc="Methods for Making Your Cupcake" checkable="false" checked="false" clickable="true" enabled="true" focusable="false" focused="false" scrollable="false" long-clickable="false" password="false" selected="false" bounds="[23,-1192][776,-1149]" />
                        <node index="20" text="" resource-id="" class="android.view.View" package="browser4g.fast.internetwebexplorer" content-desc="At 180°C preheat the oven. Once the oven is done line the cup tin with the baking case. You can use silicon cupcake base for better results." checkable="false" checked="false" clickable="true" enabled="true" focusable="false" focused="false" scrollable="false" long-clickable="false" password="false" selected="false" bounds="[23,-1117][776,-992]" />
                        <node index="21" text="" resource-id="" class="android.view.View" package="browser4g.fast.internetwebexplorer" content-desc="Beat sugar and butter together until they are fluffy. On the other bowl mix eggs and vanilla essence. In case the mixture starts to coagulate, add a little of the flour." checkable="false" checked="false" clickable="true" enabled="true" focusable="false" focused="false" scrollable="false" long-clickable="false" password="false" selected="false" bounds="[23,-960][776,-835]" />
                        <node index="22" text="" resource-id="" class="android.view.View" package="browser4g.fast.internetwebexplorer" content-desc="Stir the remaining flour. Place a spoonful of the mixture into the baking cases and bake for 15-20 minutes until firm to the touch." checkable="false" checked="false" clickable="true" enabled="true" focusable="false" focused="false" scrollable="false" long-clickable="false" password="false" selected="false" bounds="[23,-803][776,-678]" />
                        <node index="23" text="" resource-id="" class="android.view.View" package="browser4g.fast.internetwebexplorer" content-desc="Once it passes the toothpick test, remove from the oven and leave to cool on a wire tray." checkable="false" checked="false" clickable="true" enabled="true" focusable="false" focused="false" scrollable="false" long-clickable="false" password="false" selected="false" bounds="[23,-644][776,-561]" />
                        <node index="24" text="" resource-id="" class="android.view.View" package="browser4g.fast.internetwebexplorer" content-desc="On the other side, start making buttercream by beating the butter, icing sugar and vanilla essence together until smooth and creamy." checkable="false" checked="false" clickable="true" enabled="true" focusable="false" focused="false" scrollable="false" long-clickable="false" password="false" selected="false" bounds="[23,-529][776,-404]" />
                        <node index="25" text="" resource-id="" class="android.view.View" package="browser4g.fast.internetwebexplorer" content-desc="Divide the icing into separate bowls for each color you want to use, gradually add the coloring. Mix the mixture till you get the desired color." checkable="false" checked="false" clickable="true" enabled="true" focusable="false" focused="false" scrollable="false" long-clickable="false" password="false" selected="false" bounds="[23,-372][776,-246]" />
                        <node index="26" text="" resource-id="" class="android.view.View" package="browser4g.fast.internetwebexplorer" content-desc="Pipe or swirl icing onto each cupcake. Optionally you can also top the cupcake with sweets if you like." checkable="false" checked="false" clickable="true" enabled="true" focusable="false" focused="false" scrollable="false" long-clickable="false" password="false" selected="false" bounds="[23,-214][776,-131]" />
                        <node index="27" text="" resource-id="" class="android.view.View" package="browser4g.fast.internetwebexplorer" content-desc="Definitely, this is going to be the easiest cupcake recipe that you will ever learn from anywhere else. Just follow the tips and enjoy the delicious and cute cupcake with your loved ones. You can also order cake online or buy cake online via various online cake delivery portals like Elitehandicrafts.com/cakes/ or Buycakeonline.in. Visit these cake portals, choose the best available online and place your order for delivery." checkable="false" checked="false" clickable="true" enabled="true" focusable="false" focused="false" scrollable="false" long-clickable="false" password="false" selected="false" bounds="[23,0][776,192]" />
                        <node index="28" text="" resource-id="" class="android.view.View" package="browser4g.fast.internetwebexplorer" content-desc="Read Source" checkable="false" checked="false" clickable="true" enabled="true" focusable="false" focused="false" scrollable="false" long-clickable="false" password="false" selected="false" bounds="[23,222][744,254]" />
                      </node>
                    </node>
                  </node>
                  <node index="1" text="" resource-id="browser4g.fast.internetwebexplorer:id/shared_layout" class="android.widget.LinearLayout" package="browser4g.fast.internetwebexplorer" content-desc="" checkable="false" checked="false" clickable="false" enabled="true" focusable="false" focused="false" scrollable="false" long-clickable="false" password="false" selected="false" bounds="[0,284][800,357]">
                    <node index="0" text="" resource-id="browser4g.fast.internetwebexplorer:id/share_icon_container" class="android.widget.LinearLayout" package="browser4g.fast.internetwebexplorer" content-desc="" checkable="false" checked="false" clickable="false" enabled="true" focusable="false" focused="false" scrollable="false" long-clickable="false" password="false" selected="false" bounds="[0,284][800,357]">
                      <node NAF="true" index="0" text="" resource-id="browser4g.fast.internetwebexplorer:id/more_icon" class="android.widget.ImageView" package="browser4g.fast.internetwebexplorer" content-desc="" checkable="false" checked="false" clickable="true" enabled="true" focusable="false" focused="false" scrollable="false" long-clickable="false" password="false" selected="false" bounds="[24,295][75,346]" />
                    </node>
                  </node>
                  <node index="2" text="" resource-id="browser4g.fast.internetwebexplorer:id/ad_layout" class="android.widget.RelativeLayout" package="browser4g.fast.internetwebexplorer" content-desc="" checkable="false" checked="false" clickable="false" enabled="true" focusable="false" focused="false" scrollable="false" long-clickable="false" password="false" selected="false" bounds="[0,389][800,694]">
                    <node index="0" text="" resource-id="" class="android.widget.LinearLayout" package="browser4g.fast.internetwebexplorer" content-desc="" checkable="false" checked="false" clickable="true" enabled="true" focusable="false" focused="false" scrollable="false" long-clickable="false" password="false" selected="false" bounds="[22,389][778,694]">
                      <node index="0" text="" resource-id="browser4g.fast.internetwebexplorer:id/item" class="android.widget.RelativeLayout" package="browser4g.fast.internetwebexplorer" content-desc="" checkable="false" checked="false" clickable="true" enabled="true" focusable="false" focused="false" scrollable="false" long-clickable="false" password="false" selected="false" bounds="[22,389][778,694]">
                        <node NAF="true" index="0" text="" resource-id="browser4g.fast.internetwebexplorer:id/rl_top" class="android.widget.RelativeLayout" package="browser4g.fast.internetwebexplorer" content-desc="" checkable="false" checked="false" clickable="true" enabled="true" focusable="false" focused="false" scrollable="false" long-clickable="false" password="false" selected="false" bounds="[23,389][777,625]">
                          <node NAF="true" index="0" text="" resource-id="browser4g.fast.internetwebexplorer:id/item_rele_img" class="android.widget.RelativeLayout" package="browser4g.fast.internetwebexplorer" content-desc="" checkable="false" checked="false" clickable="true" enabled="true" focusable="false" focused="false" scrollable="false" long-clickable="false" password="false" selected="false" bounds="[23,389][777,625]">
                            <node NAF="true" index="0" text="" resource-id="" class="android.widget.FrameLayout" package="browser4g.fast.internetwebexplorer" content-desc="" checkable="false" checked="false" clickable="true" enabled="true" focusable="false" focused="false" scrollable="false" long-clickable="false" password="false" selected="false" bounds="[23,389][777,625]">
                              <node NAF="true" index="0" text="" resource-id="browser4g.fast.internetwebexplorer:id/item_img" class="android.widget.ImageView" package="browser4g.fast.internetwebexplorer" content-desc="" checkable="false" checked="false" clickable="true" enabled="true" focusable="false" focused="false" scrollable="false" long-clickable="false" password="false" selected="false" bounds="[23,389][777,625]" />
                            </node>
                          </node>
                        </node>
                        <node index="1" text="" resource-id="" class="android.widget.RelativeLayout" package="browser4g.fast.internetwebexplorer" content-desc="" checkable="false" checked="false" clickable="true" enabled="true" focusable="false" focused="false" scrollable="false" long-clickable="false" password="false" selected="false" bounds="[23,625][777,694]">
                          <node index="0" text="" resource-id="" class="android.widget.RelativeLayout" package="browser4g.fast.internetwebexplorer" content-desc="" checkable="false" checked="false" clickable="true" enabled="true" focusable="false" focused="false" scrollable="false" long-clickable="false" password="false" selected="false" bounds="[23,625][677,694]">
                            <node index="0" text="" resource-id="browser4g.fast.internetwebexplorer:id/rl_title" class="android.widget.RelativeLayout" package="browser4g.fast.internetwebexplorer" content-desc="" checkable="false" checked="false" clickable="true" enabled="true" focusable="false" focused="false" scrollable="false" long-clickable="false" password="false" selected="false" bounds="[23,625][677,667]">
                              <node index="0" text="Grab" resource-id="browser4g.fast.internetwebexplorer:id/item_title" class="android.widget.TextView" package="browser4g.fast.internetwebexplorer" content-desc="" checkable="false" checked="false" clickable="true" enabled="true" focusable="false" focused="false" scrollable="false" long-clickable="false" password="false" selected="false" bounds="[23,625][677,667]" />
                            </node>
                            <node index="1" text="" resource-id="browser4g.fast.internetwebexplorer:id/rl_body" class="android.widget.RelativeLayout" package="browser4g.fast.internetwebexplorer" content-desc="" checkable="false" checked="false" clickable="true" enabled="true" focusable="false" focused="false" scrollable="false" long-clickable="false" password="false" selected="false" bounds="[23,675][677,694]">
                              <node index="0" text="Ad" resource-id="browser4g.fast.internetwebexplorer:id/item_type" class="android.widget.TextView" package="browser4g.fast.internetwebexplorer" content-desc="" checkable="false" checked="false" clickable="true" enabled="true" focusable="false" focused="false" scrollable="false" long-clickable="false" password="false" selected="false" bounds="[23,675][48,692]" />
                              <node index="1" text="Grab offers the fastest transport booking service for cabs, private cars..." resource-id="browser4g.fast.internetwebexplorer:id/item_body" class="android.widget.TextView" package="browser4g.fast.internetwebexplorer" content-desc="" checkable="false" checked="false" clickable="true" enabled="true" focusable="false" focused="false" scrollable="false" long-clickable="false" password="false" selected="false" bounds="[61,675][634,694]" />
                            </node>
                          </node>
                          <node index="1" text="Free" resource-id="browser4g.fast.internetwebexplorer:id/item_big_btn" class="android.widget.Button" package="browser4g.fast.internetwebexplorer" content-desc="" checkable="false" checked="false" clickable="true" enabled="true" focusable="true" focused="false" scrollable="false" long-clickable="false" password="false" selected="false" bounds="[692,642][777,677]" />
                        </node>
                      </node>
                    </node>
                  </node>
                  <node index="3" text="" resource-id="browser4g.fast.internetwebexplorer:id/relate_root_layout" class="android.widget.LinearLayout" package="browser4g.fast.internetwebexplorer" content-desc="" checkable="false" checked="false" clickable="false" enabled="true" focusable="false" focused="false" scrollable="false" long-clickable="false" password="false" selected="false" bounds="[0,721][800,1216]">
                    <node index="0" text="" resource-id="" class="android.widget.LinearLayout" package="browser4g.fast.internetwebexplorer" content-desc="" checkable="false" checked="false" clickable="false" enabled="true" focusable="false" focused="false" scrollable="false" long-clickable="false" password="false" selected="false" bounds="[24,721][800,754]">
                      <node index="0" text="More Stories :" resource-id="browser4g.fast.internetwebexplorer:id/relate_title" class="android.widget.TextView" package="browser4g.fast.internetwebexplorer" content-desc="" checkable="false" checked="false" clickable="false" enabled="true" focusable="false" focused="false" scrollable="false" long-clickable="false" password="false" selected="false" bounds="[24,721][175,754]" />
                    </node>
                    <node index="1" text="" resource-id="" class="android.view.View" package="browser4g.fast.internetwebexplorer" content-desc="" checkable="false" checked="false" clickable="false" enabled="true" focusable="false" focused="false" scrollable="false" long-clickable="false" password="false" selected="false" bounds="[24,781][776,782]" />
                    <node index="2" text="" resource-id="browser4g.fast.internetwebexplorer:id/relatednews_layout" class="android.widget.LinearLayout" package="browser4g.fast.internetwebexplorer" content-desc="" checkable="false" checked="false" clickable="false" enabled="true" focusable="false" focused="false" scrollable="false" long-clickable="false" password="false" selected="false" bounds="[0,802][800,1216]">
                      <node index="0" text="" resource-id="" class="android.widget.FrameLayout" package="browser4g.fast.internetwebexplorer" content-desc="" checkable="false" checked="false" clickable="true" enabled="true" focusable="false" focused="false" scrollable="false" long-clickable="false" password="false" selected="false" bounds="[0,802][800,916]">
                        <node index="0" text="" resource-id="browser4g.fast.internetwebexplorer:id/item_container" class="android.widget.RelativeLayout" package="browser4g.fast.internetwebexplorer" content-desc="" checkable="false" checked="false" clickable="false" enabled="true" focusable="false" focused="false" scrollable="false" long-clickable="false" password="false" selected="false" bounds="[5,802][789,916]">
                          <node index="0" text="" resource-id="" class="android.widget.RelativeLayout" package="browser4g.fast.internetwebexplorer" content-desc="" checkable="false" checked="false" clickable="false" enabled="true" focusable="false" focused="false" scrollable="false" long-clickable="false" password="false" selected="false" bounds="[5,802][789,916]">
                            <node index="0" text="" resource-id="" class="android.widget.RelativeLayout" package="browser4g.fast.internetwebexplorer" content-desc="" checkable="false" checked="false" clickable="false" enabled="true" focusable="false" focused="false" scrollable="false" long-clickable="false" password="false" selected="false" bounds="[24,802][629,899]">
                              <node index="0" text="15 Spangled 4th of July Cupcakes and Cakes" resource-id="browser4g.fast.internetwebexplorer:id/item_title" class="android.widget.TextView" package="browser4g.fast.internetwebexplorer" content-desc="" checkable="false" checked="false" clickable="false" enabled="true" focusable="false" focused="false" scrollable="false" long-clickable="false" password="false" selected="false" bounds="[24,802][616,878]" />
                              <node index="1" text="Brit + Co" resource-id="browser4g.fast.internetwebexplorer:id/item_source" class="android.widget.TextView" package="browser4g.fast.internetwebexplorer" content-desc="" checkable="false" checked="false" clickable="false" enabled="true" focusable="false" focused="false" scrollable="false" long-clickable="false" password="false" selected="false" bounds="[24,878][84,899]" />
                            </node>
                            <node index="1" text="" resource-id="browser4g.fast.internetwebexplorer:id/item_img" class="android.widget.ImageView" package="browser4g.fast.internetwebexplorer" content-desc="" checkable="false" checked="false" clickable="false" enabled="true" focusable="false" focused="false" scrollable="false" long-clickable="false" password="false" selected="false" bounds="[636,802][776,899]" />
                          </node>
                        </node>
                      </node>
                      <node index="1" text="" resource-id="" class="android.widget.LinearLayout" package="browser4g.fast.internetwebexplorer" content-desc="" checkable="false" checked="false" clickable="false" enabled="true" focusable="false" focused="false" scrollable="false" long-clickable="false" password="false" selected="false" bounds="[0,916][800,940]">
                        <node index="0" text="" resource-id="" class="android.view.View" package="browser4g.fast.internetwebexplorer" content-desc="" checkable="false" checked="false" clickable="false" enabled="true" focusable="false" focused="false" scrollable="false" long-clickable="false" password="false" selected="false" bounds="[24,919][776,920]" />
                      </node>
                      <node index="2" text="" resource-id="" class="android.widget.FrameLayout" package="browser4g.fast.internetwebexplorer" content-desc="" checkable="false" checked="false" clickable="true" enabled="true" focusable="false" focused="false" scrollable="false" long-clickable="false" password="false" selected="false" bounds="[0,940][800,1054]">
                        <node index="0" text="" resource-id="browser4g.fast.internetwebexplorer:id/item_container" class="android.widget.RelativeLayout" package="browser4g.fast.internetwebexplorer" content-desc="" checkable="false" checked="false" clickable="false" enabled="true" focusable="false" focused="false" scrollable="false" long-clickable="false" password="false" selected="false" bounds="[5,940][789,1054]">
                          <node index="0" text="" resource-id="" class="android.widget.RelativeLayout" package="browser4g.fast.internetwebexplorer" content-desc="" checkable="false" checked="false" clickable="false" enabled="true" focusable="false" focused="false" scrollable="false" long-clickable="false" password="false" selected="false" bounds="[5,940][789,1054]">
                            <node index="0" text="" resource-id="" class="android.widget.RelativeLayout" package="browser4g.fast.internetwebexplorer" content-desc="" checkable="false" checked="false" clickable="false" enabled="true" focusable="false" focused="false" scrollable="false" long-clickable="false" password="false" selected="false" bounds="[24,940][629,1037]">
                              <node index="0" text="Unicorn Chocolate Cupcakes [Vegan, Gluten-Free]" resource-id="browser4g.fast.internetwebexplorer:id/item_title" class="android.widget.TextView" package="browser4g.fast.internetwebexplorer" content-desc="" checkable="false" checked="false" clickable="false" enabled="true" focusable="false" focused="false" scrollable="false" long-clickable="false" password="false" selected="false" bounds="[24,940][616,1016]" />
                              <node index="1" text="One Green Planet" resource-id="browser4g.fast.internetwebexplorer:id/item_source" class="android.widget.TextView" package="browser4g.fast.internetwebexplorer" content-desc="" checkable="false" checked="false" clickable="false" enabled="true" focusable="false" focused="false" scrollable="false" long-clickable="false" password="false" selected="false" bounds="[24,1016][143,1037]" />
                            </node>
                            <node index="1" text="" resource-id="browser4g.fast.internetwebexplorer:id/item_img" class="android.widget.ImageView" package="browser4g.fast.internetwebexplorer" content-desc="" checkable="false" checked="false" clickable="false" enabled="true" focusable="false" focused="false" scrollable="false" long-clickable="false" password="false" selected="false" bounds="[636,940][776,1037]" />
                          </node>
                        </node>
                      </node>
                      <node index="3" text="" resource-id="" class="android.widget.LinearLayout" package="browser4g.fast.internetwebexplorer" content-desc="" checkable="false" checked="false" clickable="false" enabled="true" focusable="false" focused="false" scrollable="false" long-clickable="false" password="false" selected="false" bounds="[0,1054][800,1078]">
                        <node index="0" text="" resource-id="" class="android.view.View" package="browser4g.fast.internetwebexplorer" content-desc="" checkable="false" checked="false" clickable="false" enabled="true" focusable="false" focused="false" scrollable="false" long-clickable="false" password="false" selected="false" bounds="[24,1057][776,1058]" />
                      </node>
                      <node index="4" text="" resource-id="" class="android.widget.FrameLayout" package="browser4g.fast.internetwebexplorer" content-desc="" checkable="false" checked="false" clickable="true" enabled="true" focusable="false" focused="false" scrollable="false" long-clickable="false" password="false" selected="false" bounds="[0,1078][800,1192]">
                        <node index="0" text="" resource-id="browser4g.fast.internetwebexplorer:id/item_container" class="android.widget.RelativeLayout" package="browser4g.fast.internetwebexplorer" content-desc="" checkable="false" checked="false" clickable="false" enabled="true" focusable="false" focused="false" scrollable="false" long-clickable="false" password="false" selected="false" bounds="[5,1078][789,1192]">
                          <node index="0" text="" resource-id="" class="android.widget.RelativeLayout" package="browser4g.fast.internetwebexplorer" content-desc="" checkable="false" checked="false" clickable="false" enabled="true" focusable="false" focused="false" scrollable="false" long-clickable="false" password="false" selected="false" bounds="[5,1078][789,1192]">
                            <node index="0" text="" resource-id="" class="android.widget.RelativeLayout" package="browser4g.fast.internetwebexplorer" content-desc="" checkable="false" checked="false" clickable="false" enabled="true" focusable="false" focused="false" scrollable="false" long-clickable="false" password="false" selected="false" bounds="[24,1078][629,1175]">
                              <node index="0" text="What's a Naked Cake (and Why Is It Naked?) - Internet Phenomenon" resource-id="browser4g.fast.internetwebexplorer:id/item_title" class="android.widget.TextView" package="browser4g.fast.internetwebexplorer" content-desc="" checkable="false" checked="false" clickable="false" enabled="true" focusable="false" focused="false" scrollable="false" long-clickable="false" password="false" selected="false" bounds="[24,1078][616,1154]" />
                              <node index="1" text="Apartment Therapy" resource-id="browser4g.fast.internetwebexplorer:id/item_source" class="android.widget.TextView" package="browser4g.fast.internetwebexplorer" content-desc="" checkable="false" checked="false" clickable="false" enabled="true" focusable="false" focused="false" scrollable="false" long-clickable="false" password="false" selected="false" bounds="[24,1154][157,1175]" />
                            </node>
                            <node index="1" text="" resource-id="browser4g.fast.internetwebexplorer:id/item_img" class="android.widget.ImageView" package="browser4g.fast.internetwebexplorer" content-desc="" checkable="false" checked="false" clickable="false" enabled="true" focusable="false" focused="false" scrollable="false" long-clickable="false" password="false" selected="false" bounds="[636,1078][776,1175]" />
                          </node>
                        </node>
                      </node>
                      <node index="5" text="" resource-id="" class="android.widget.LinearLayout" package="browser4g.fast.internetwebexplorer" content-desc="" checkable="false" checked="false" clickable="false" enabled="true" focusable="false" focused="false" scrollable="false" long-clickable="false" password="false" selected="false" bounds="[0,1192][800,1216]">
                        <node index="0" text="" resource-id="" class="android.view.View" package="browser4g.fast.internetwebexplorer" content-desc="" checkable="false" checked="false" clickable="false" enabled="true" focusable="false" focused="false" scrollable="false" long-clickable="false" password="false" selected="false" bounds="[24,1195][776,1196]" />
                      </node>
                    </node>
                  </node>
                </node>
              </node>
            </node>
            <node index="1" text="" resource-id="browser4g.fast.internetwebexplorer:id/rl_actionbar" class="android.widget.RelativeLayout" package="browser4g.fast.internetwebexplorer" content-desc="" checkable="false" checked="false" clickable="false" enabled="true" focusable="false" focused="false" scrollable="false" long-clickable="false" password="false" selected="false" bounds="[0,0][800,80]">
              <node NAF="true" index="0" text="" resource-id="browser4g.fast.internetwebexplorer:id/rl_back" class="android.widget.RelativeLayout" package="browser4g.fast.internetwebexplorer" content-desc="" checkable="false" checked="false" clickable="true" enabled="true" focusable="false" focused="false" scrollable="false" long-clickable="false" password="false" selected="false" bounds="[13,0][88,80]">
                <node index="0" text="" resource-id="browser4g.fast.internetwebexplorer:id/rl_back_img" class="android.widget.ImageView" package="browser4g.fast.internetwebexplorer" content-desc="" checkable="false" checked="false" clickable="false" enabled="true" focusable="false" focused="false" scrollable="false" long-clickable="false" password="false" selected="false" bounds="[13,29][34,50]" />
              </node>
              <node index="1" text="" resource-id="browser4g.fast.internetwebexplorer:id/shadow" class="android.widget.ImageView" package="browser4g.fast.internetwebexplorer" content-desc="" checkable="false" checked="false" clickable="false" enabled="true" focusable="false" focused="false" scrollable="false" long-clickable="false" password="false" selected="false" bounds="[13,79][779,80]" />
              <node NAF="true" index="2" text="" resource-id="browser4g.fast.internetwebexplorer:id/rl_share" class="android.widget.RelativeLayout" package="browser4g.fast.internetwebexplorer" content-desc="" checkable="false" checked="false" clickable="true" enabled="true" focusable="false" focused="false" scrollable="false" long-clickable="false" password="false" selected="false" bounds="[673,0][726,80]">
                <node index="0" text="" resource-id="browser4g.fast.internetwebexplorer:id/rl_share_img" class="android.widget.ImageView" package="browser4g.fast.internetwebexplorer" content-desc="" checkable="false" checked="false" clickable="false" enabled="true" focusable="false" focused="false" scrollable="false" long-clickable="false" password="false" selected="false" bounds="[689,29][710,50]" />
              </node>
              <node NAF="true" index="3" text="" resource-id="browser4g.fast.internetwebexplorer:id/rl_more" class="android.widget.RelativeLayout" package="browser4g.fast.internetwebexplorer" content-desc="" checkable="false" checked="false" clickable="true" enabled="true" focusable="false" focused="false" scrollable="false" long-clickable="false" password="false" selected="false" bounds="[726,0][779,80]">
                <node index="0" text="" resource-id="browser4g.fast.internetwebexplorer:id/rl_font_img" class="android.widget.ImageView" package="browser4g.fast.internetwebexplorer" content-desc="" checkable="false" checked="false" clickable="false" enabled="true" focusable="false" focused="false" scrollable="false" long-clickable="false" password="false" selected="false" bounds="[742,29][763,50]" />
              </node>
            </node>
          </node>
        </node>
      </node>
    </node>
  </node>
</hierarchy>