<?xml version='1.0' encoding='UTF-8' standalone='yes' ?>
<hierarchy rotation="0">
  <node index="0" text="" resource-id="" class="android.widget.FrameLayout" package="by.androld.contactsvcf" content-desc="" checkable="false" checked="false" clickable="false" enabled="true" focusable="false" focused="false" scrollable="false" long-clickable="false" password="false" selected="false" bounds="[0,0][800,1216]">
    <node index="0" text="" resource-id="" class="android.widget.LinearLayout" package="by.androld.contactsvcf" content-desc="" checkable="false" checked="false" clickable="false" enabled="true" focusable="false" focused="false" scrollable="false" long-clickable="false" password="false" selected="false" bounds="[0,0][800,1216]">
      <node index="0" text="" resource-id="" class="android.widget.FrameLayout" package="by.androld.contactsvcf" content-desc="" checkable="false" checked="false" clickable="false" enabled="true" focusable="false" focused="false" scrollable="false" long-clickable="false" password="false" selected="false" bounds="[0,33][800,1216]">
        <node index="0" text="" resource-id="by.androld.contactsvcf:id/action_bar_root" class="android.widget.FrameLayout" package="by.androld.contactsvcf" content-desc="" checkable="false" checked="false" clickable="false" enabled="true" focusable="false" focused="false" scrollable="false" long-clickable="false" password="false" selected="false" bounds="[0,33][800,1216]">
          <node index="0" text="" resource-id="android:id/content" class="android.widget.FrameLayout" package="by.androld.contactsvcf" content-desc="" checkable="false" checked="false" clickable="false" enabled="true" focusable="false" focused="false" scrollable="false" long-clickable="false" password="false" selected="false" bounds="[0,33][800,1216]">
            <node index="0" text="" resource-id="by.androld.contactsvcf:id/rootView" class="android.widget.RelativeLayout" package="by.androld.contactsvcf" content-desc="" checkable="false" checked="false" clickable="false" enabled="true" focusable="false" focused="false" scrollable="false" long-clickable="false" password="false" selected="false" bounds="[32,65][768,1184]">
              <node index="0" text="" resource-id="by.androld.contactsvcf:id/scrollView1" class="android.widget.FrameLayout" package="by.androld.contactsvcf" content-desc="" checkable="false" checked="false" clickable="false" enabled="true" focusable="true" focused="false" scrollable="true" long-clickable="false" password="false" selected="false" bounds="[32,65][768,1184]">
                <node index="0" text="" resource-id="" class="android.widget.LinearLayout" package="by.androld.contactsvcf" content-desc="" checkable="false" checked="false" clickable="false" enabled="true" focusable="false" focused="false" scrollable="false" long-clickable="false" password="false" selected="false" bounds="[32,65][768,1216]">
                  <node index="0" text="" resource-id="by.androld.contactsvcf:id/content1" class="android.widget.FrameLayout" package="by.androld.contactsvcf" content-desc="" checkable="false" checked="false" clickable="false" enabled="true" focusable="false" focused="false" scrollable="false" long-clickable="false" password="false" selected="false" bounds="[32,65][768,558]">
                    <node index="0" text="" resource-id="" class="android.widget.RelativeLayout" package="by.androld.contactsvcf" content-desc="" checkable="false" checked="false" clickable="false" enabled="true" focusable="false" focused="false" scrollable="false" long-clickable="false" password="false" selected="false" bounds="[32,65][768,558]">
                      <node index="0" text="" resource-id="by.androld.contactsvcf:id/squareRecyclingImageView1" class="android.widget.ImageView" package="by.androld.contactsvcf" content-desc="" checkable="false" checked="false" clickable="false" enabled="true" focusable="false" focused="false" scrollable="false" long-clickable="false" password="false" selected="false" bounds="[32,65][768,558]" />
                      <node index="1" text="Troy Wolf" resource-id="by.androld.contactsvcf:id/textView1" class="android.widget.TextView" package="by.androld.contactsvcf" content-desc="" checkable="false" checked="false" clickable="false" enabled="true" focusable="false" focused="false" scrollable="false" long-clickable="false" password="false" selected="false" bounds="[32,454][768,558]" />
                      <node index="2" text="" resource-id="" class="android.view.View" package="by.androld.contactsvcf" content-desc="" checkable="false" checked="false" clickable="false" enabled="true" focusable="false" focused="false" scrollable="false" long-clickable="false" password="false" selected="false" bounds="[32,454][768,558]" />
                    </node>
                  </node>
                  <node index="1" text="" resource-id="by.androld.contactsvcf:id/detailView" class="android.widget.LinearLayout" package="by.androld.contactsvcf" content-desc="" checkable="false" checked="false" clickable="false" enabled="true" focusable="false" focused="false" scrollable="false" long-clickable="false" password="false" selected="false" bounds="[32,579][768,1216]">
                    <node index="0" text="" resource-id="" class="android.widget.RelativeLayout" package="by.androld.contactsvcf" content-desc="" checkable="false" checked="false" clickable="true" enabled="true" focusable="false" focused="false" scrollable="false" long-clickable="true" password="false" selected="false" bounds="[32,579][768,674]">
                      <node index="0" text="" resource-id="android:id/icon" class="android.widget.ImageView" package="by.androld.contactsvcf" content-desc="" checkable="false" checked="false" clickable="false" enabled="true" focusable="false" focused="false" scrollable="false" long-clickable="false" password="false" selected="false" bounds="[53,611][84,642]" />
                      <node index="1" text="" resource-id="by.androld.contactsvcf:id/content1" class="android.widget.LinearLayout" package="by.androld.contactsvcf" content-desc="" checkable="false" checked="false" clickable="false" enabled="true" focusable="false" focused="false" scrollable="false" long-clickable="false" password="false" selected="false" bounds="[128,598][725,654]">
                        <node index="0" text="(816) 739-9653" resource-id="android:id/title" class="android.widget.TextView" package="by.androld.contactsvcf" content-desc="" checkable="false" checked="false" clickable="false" enabled="true" focusable="false" focused="false" scrollable="false" long-clickable="false" password="false" selected="false" bounds="[128,598][273,627]" />
                        <node index="1" text="Mobile" resource-id="android:id/text1" class="android.widget.TextView" package="by.androld.contactsvcf" content-desc="" checkable="false" checked="false" clickable="false" enabled="true" focusable="false" focused="false" scrollable="false" long-clickable="false" password="false" selected="false" bounds="[128,627][187,654]" />
                      </node>
                    </node>
                    <node index="1" text="" resource-id="" class="android.widget.ImageView" package="by.androld.contactsvcf" content-desc="" checkable="false" checked="false" clickable="false" enabled="true" focusable="false" focused="false" scrollable="false" long-clickable="false" password="false" selected="false" bounds="[128,674][768,675]" />
                    <node index="2" text="" resource-id="" class="android.widget.RelativeLayout" package="by.androld.contactsvcf" content-desc="" checkable="false" checked="false" clickable="true" enabled="true" focusable="false" focused="false" scrollable="false" long-clickable="true" password="false" selected="false" bounds="[32,675][768,770]">
                      <node index="0" text="" resource-id="android:id/icon" class="android.widget.ImageView" package="by.androld.contactsvcf" content-desc="" checkable="false" checked="false" clickable="false" enabled="true" focusable="false" focused="false" scrollable="false" long-clickable="false" password="false" selected="false" bounds="[53,707][84,738]" />
                      <node index="1" text="" resource-id="by.androld.contactsvcf:id/content1" class="android.widget.LinearLayout" package="by.androld.contactsvcf" content-desc="" checkable="false" checked="false" clickable="false" enabled="true" focusable="false" focused="false" scrollable="false" long-clickable="false" password="false" selected="false" bounds="[128,694][725,750]">
                        <node index="0" text="troy@troywolf.com" resource-id="android:id/title" class="android.widget.TextView" package="by.androld.contactsvcf" content-desc="" checkable="false" checked="false" clickable="false" enabled="true" focusable="false" focused="false" scrollable="false" long-clickable="false" password="false" selected="false" bounds="[128,694][308,723]" />
                        <node index="1" text="internet" resource-id="android:id/text1" class="android.widget.TextView" package="by.androld.contactsvcf" content-desc="" checkable="false" checked="false" clickable="false" enabled="true" focusable="false" focused="false" scrollable="false" long-clickable="false" password="false" selected="false" bounds="[128,723][194,750]" />
                      </node>
                    </node>
                    <node index="3" text="" resource-id="" class="android.widget.ImageView" package="by.androld.contactsvcf" content-desc="" checkable="false" checked="false" clickable="false" enabled="true" focusable="false" focused="false" scrollable="false" long-clickable="false" password="false" selected="false" bounds="[128,770][768,771]" />
                    <node index="4" text="" resource-id="" class="android.widget.RelativeLayout" package="by.androld.contactsvcf" content-desc="" checkable="false" checked="false" clickable="true" enabled="true" focusable="false" focused="false" scrollable="false" long-clickable="true" password="false" selected="false" bounds="[32,771][768,866]">
                      <node index="0" text="" resource-id="android:id/icon" class="android.widget.ImageView" package="by.androld.contactsvcf" content-desc="" checkable="false" checked="false" clickable="false" enabled="true" focusable="false" focused="false" scrollable="false" long-clickable="false" password="false" selected="false" bounds="[53,803][84,834]" />
                      <node index="1" text="" resource-id="by.androld.contactsvcf:id/content1" class="android.widget.LinearLayout" package="by.androld.contactsvcf" content-desc="" checkable="false" checked="false" clickable="false" enabled="true" focusable="false" focused="false" scrollable="false" long-clickable="false" password="false" selected="false" bounds="[128,804][725,833]">
                        <node index="0" text="http://www.troywolf.com" resource-id="android:id/title" class="android.widget.TextView" package="by.androld.contactsvcf" content-desc="" checkable="false" checked="false" clickable="false" enabled="true" focusable="false" focused="false" scrollable="false" long-clickable="false" password="false" selected="false" bounds="[128,804][365,833]" />
                      </node>
                    </node>
                    <node index="5" text="" resource-id="" class="android.widget.ImageView" package="by.androld.contactsvcf" content-desc="" checkable="false" checked="false" clickable="false" enabled="true" focusable="false" focused="false" scrollable="false" long-clickable="false" password="false" selected="false" bounds="[128,866][768,867]" />
                    <node index="6" text="" resource-id="" class="android.widget.RelativeLayout" package="by.androld.contactsvcf" content-desc="" checkable="false" checked="false" clickable="false" enabled="true" focusable="false" focused="false" scrollable="false" long-clickable="true" password="false" selected="false" bounds="[32,867][768,962]">
                      <node index="0" text="" resource-id="android:id/icon" class="android.widget.ImageView" package="by.androld.contactsvcf" content-desc="" checkable="false" checked="false" clickable="false" enabled="true" focusable="false" focused="false" scrollable="false" long-clickable="false" password="false" selected="false" bounds="[53,899][84,930]" />
                      <node index="1" text="" resource-id="by.androld.contactsvcf:id/content1" class="android.widget.LinearLayout" package="by.androld.contactsvcf" content-desc="" checkable="false" checked="false" clickable="false" enabled="true" focusable="false" focused="false" scrollable="false" long-clickable="false" password="false" selected="false" bounds="[128,886][725,942]">
                        <node index="0" text="7027 N. Hickory Kansas City MO 64118" resource-id="android:id/title" class="android.widget.TextView" package="by.androld.contactsvcf" content-desc="" checkable="false" checked="false" clickable="false" enabled="true" focusable="false" focused="false" scrollable="false" long-clickable="false" password="false" selected="false" bounds="[128,886][501,915]" />
                        <node index="1" text="Work" resource-id="android:id/text1" class="android.widget.TextView" package="by.androld.contactsvcf" content-desc="" checkable="false" checked="false" clickable="false" enabled="true" focusable="false" focused="false" scrollable="false" long-clickable="false" password="false" selected="false" bounds="[128,915][173,942]" />
                      </node>
                    </node>
                    <node index="7" text="" resource-id="" class="android.widget.RelativeLayout" package="by.androld.contactsvcf" content-desc="" checkable="false" checked="false" clickable="false" enabled="true" focusable="false" focused="false" scrollable="false" long-clickable="true" password="false" selected="false" bounds="[32,962][768,1057]">
                      <node index="1" text="" resource-id="by.androld.contactsvcf:id/content1" class="android.widget.LinearLayout" package="by.androld.contactsvcf" content-desc="" checkable="false" checked="false" clickable="false" enabled="true" focusable="false" focused="false" scrollable="false" long-clickable="false" password="false" selected="false" bounds="[128,981][725,1037]">
                        <node index="0" text="1227 N. Hickory Kansas City MO 64118" resource-id="android:id/title" class="android.widget.TextView" package="by.androld.contactsvcf" content-desc="" checkable="false" checked="false" clickable="false" enabled="true" focusable="false" focused="false" scrollable="false" long-clickable="false" password="false" selected="false" bounds="[128,981][501,1010]" />
                        <node index="1" text="Home" resource-id="android:id/text1" class="android.widget.TextView" package="by.androld.contactsvcf" content-desc="" checkable="false" checked="false" clickable="false" enabled="true" focusable="false" focused="false" scrollable="false" long-clickable="false" password="false" selected="false" bounds="[128,1010][180,1037]" />
                      </node>
                    </node>
                    <node index="8" text="" resource-id="" class="android.widget.ImageView" package="by.androld.contactsvcf" content-desc="" checkable="false" checked="false" clickable="false" enabled="true" focusable="false" focused="false" scrollable="false" long-clickable="false" password="false" selected="false" bounds="[128,1057][768,1058]" />
                    <node index="9" text="" resource-id="" class="android.widget.RelativeLayout" package="by.androld.contactsvcf" content-desc="" checkable="false" checked="false" clickable="true" enabled="true" focusable="false" focused="false" scrollable="false" long-clickable="true" password="false" selected="false" bounds="[32,1058][768,1153]">
                      <node index="0" text="" resource-id="android:id/icon" class="android.widget.ImageView" package="by.androld.contactsvcf" content-desc="" checkable="false" checked="false" clickable="false" enabled="true" focusable="false" focused="false" scrollable="false" long-clickable="false" password="false" selected="false" bounds="[53,1090][84,1121]" />
                      <node index="1" text="" resource-id="by.androld.contactsvcf:id/content1" class="android.widget.LinearLayout" package="by.androld.contactsvcf" content-desc="" checkable="false" checked="false" clickable="false" enabled="true" focusable="false" focused="false" scrollable="false" long-clickable="false" password="false" selected="false" bounds="[128,1091][725,1120]">
                        <node index="0" text="August 13, 1971" resource-id="android:id/title" class="android.widget.TextView" package="by.androld.contactsvcf" content-desc="" checkable="false" checked="false" clickable="false" enabled="true" focusable="false" focused="false" scrollable="false" long-clickable="false" password="false" selected="false" bounds="[128,1091][282,1120]" />
                      </node>
                    </node>
                    <node index="10" text="" resource-id="" class="android.widget.ImageView" package="by.androld.contactsvcf" content-desc="" checkable="false" checked="false" clickable="false" enabled="true" focusable="false" focused="false" scrollable="false" long-clickable="false" password="false" selected="false" bounds="[128,1153][768,1154]" />
                    <node index="11" text="" resource-id="" class="android.widget.RelativeLayout" package="by.androld.contactsvcf" content-desc="" checkable="false" checked="false" clickable="false" enabled="true" focusable="false" focused="false" scrollable="false" long-clickable="true" password="false" selected="false" bounds="[32,1154][768,1216]" />
                  </node>
                </node>
              </node>
              <node index="1" text="" resource-id="by.androld.contactsvcf:id/toolbar" class="android.view.View" package="by.androld.contactsvcf" content-desc="" checkable="false" checked="false" clickable="false" enabled="true" focusable="false" focused="false" scrollable="false" long-clickable="false" password="false" selected="false" bounds="[32,65][768,150]">
                <node NAF="true" index="0" text="" resource-id="" class="android.widget.ImageButton" package="by.androld.contactsvcf" content-desc="" checkable="false" checked="false" clickable="true" enabled="true" focusable="true" focused="false" scrollable="false" long-clickable="false" password="false" selected="false" bounds="[43,65][118,150]" />
                <node index="1" text="" resource-id="" class="android.support.v7.widget.LinearLayoutCompat" package="by.androld.contactsvcf" content-desc="" checkable="false" checked="false" clickable="false" enabled="true" focusable="false" focused="false" scrollable="false" long-clickable="false" password="false" selected="false" bounds="[641,65][757,150]">
                  <node index="0" text="" resource-id="by.androld.contactsvcf:id/menu_edit" class="android.widget.TextView" package="by.androld.contactsvcf" content-desc="Edit" checkable="false" checked="false" clickable="true" enabled="true" focusable="true" focused="false" scrollable="false" long-clickable="true" password="false" selected="false" bounds="[641,75][705,139]" />
                  <node index="1" text="" resource-id="" class="android.widget.ImageView" package="by.androld.contactsvcf" content-desc="More options" checkable="false" checked="false" clickable="true" enabled="true" focusable="true" focused="false" scrollable="false" long-clickable="true" password="false" selected="false" bounds="[705,75][757,139]" />
                </node>
              </node>
              <node index="2" text="" resource-id="" class="android.view.View" package="by.androld.contactsvcf" content-desc="" checkable="false" checked="false" clickable="false" enabled="true" focusable="false" focused="false" scrollable="false" long-clickable="false" password="false" selected="false" bounds="[32,65][768,150]" />
            </node>
          </node>
        </node>
      </node>
    </node>
  </node>
</hierarchy>