<?xml version='1.0' encoding='UTF-8' standalone='yes' ?>
<hierarchy rotation="0">
  <node index="0" text="" resource-id="" class="android.widget.FrameLayout" package="blibli.mobile.commerce" content-desc="" checkable="false" checked="false" clickable="false" enabled="true" focusable="false" focused="false" scrollable="false" long-clickable="false" password="false" selected="false" bounds="[0,0][800,1216]">
    <node index="0" text="" resource-id="" class="android.widget.LinearLayout" package="blibli.mobile.commerce" content-desc="" checkable="false" checked="false" clickable="false" enabled="true" focusable="false" focused="false" scrollable="false" long-clickable="false" password="false" selected="false" bounds="[0,0][800,1216]">
      <node index="0" text="" resource-id="" class="android.widget.FrameLayout" package="blibli.mobile.commerce" content-desc="" checkable="false" checked="false" clickable="false" enabled="true" focusable="false" focused="false" scrollable="false" long-clickable="false" password="false" selected="false" bounds="[0,33][800,1216]">
        <node index="0" text="" resource-id="blibli.mobile.commerce:id/action_bar_root" class="android.widget.LinearLayout" package="blibli.mobile.commerce" content-desc="" checkable="false" checked="false" clickable="false" enabled="true" focusable="false" focused="false" scrollable="false" long-clickable="false" password="false" selected="false" bounds="[0,33][800,1216]">
          <node index="0" text="" resource-id="android:id/content" class="android.widget.FrameLayout" package="blibli.mobile.commerce" content-desc="" checkable="false" checked="false" clickable="false" enabled="true" focusable="false" focused="false" scrollable="false" long-clickable="false" password="false" selected="false" bounds="[0,33][800,1216]">
            <node index="0" text="" resource-id="" class="android.widget.FrameLayout" package="blibli.mobile.commerce" content-desc="" checkable="false" checked="false" clickable="false" enabled="true" focusable="false" focused="false" scrollable="false" long-clickable="false" password="false" selected="false" bounds="[0,33][800,1216]">
              <node index="0" text="" resource-id="blibli.mobile.commerce:id/vp_usp" class="android.support.v4.view.ViewPager" package="blibli.mobile.commerce" content-desc="" checkable="false" checked="false" clickable="false" enabled="true" focusable="true" focused="false" scrollable="true" long-clickable="false" password="false" selected="false" bounds="[0,33][800,1216]">
                <node index="0" text="" resource-id="" class="android.widget.LinearLayout" package="blibli.mobile.commerce" content-desc="" checkable="false" checked="false" clickable="false" enabled="true" focusable="false" focused="false" scrollable="false" long-clickable="false" password="false" selected="false" bounds="[0,33][800,1216]">
                  <node index="0" text="Nikmati Cicilan 0% 6 dan 12 bulan bagi pengguna kartu kredit dan beragam pembayaran lainnya" resource-id="" class="android.widget.TextView" package="blibli.mobile.commerce" content-desc="" checkable="false" checked="false" clickable="false" enabled="true" focusable="false" focused="false" scrollable="false" long-clickable="false" password="false" selected="false" bounds="[21,1070][779,1123]" />
                </node>
              </node>
              <node index="1" text="" resource-id="blibli.mobile.commerce:id/ll_indication_layout" class="android.widget.LinearLayout" package="blibli.mobile.commerce" content-desc="" checkable="false" checked="false" clickable="false" enabled="true" focusable="false" focused="false" scrollable="false" long-clickable="false" password="false" selected="false" bounds="[0,1149][800,1169]">
                <node index="0" text="" resource-id="" class="android.widget.ImageView" package="blibli.mobile.commerce" content-desc="" checkable="false" checked="false" clickable="false" enabled="true" focusable="false" focused="false" scrollable="false" long-clickable="false" password="false" selected="false" bounds="[370,1149][390,1169]" />
                <node index="1" text="" resource-id="" class="android.widget.ImageView" package="blibli.mobile.commerce" content-desc="" checkable="false" checked="false" clickable="false" enabled="true" focusable="false" focused="false" scrollable="false" long-clickable="false" password="false" selected="false" bounds="[410,1149][430,1169]" />
              </node>
            </node>
          </node>
        </node>
      </node>
    </node>
  </node>
</hierarchy>